Ticker,Date,Time,LTP,BuyPrice,BuyQty,SellPrice,SellQty,LTQ,OpenInterest
FINNIFTY02JAN2420850CE.NFO,02/01/2024,15:02:24,509.25,507.25,80,509.15,80,480,120
FINNIFTY02JAN2420850CE.NFO,02/01/2024,15:02:24,508.4,507.25,80,509.15,80,0,120
FINNIFTY02JAN2420850CE.NFO,02/01/2024,15:02:24,509.25,507.25,80,509.15,80,0,120
FINNIFTY02JAN2420850CE.NFO,02/01/2024,15:02:24,508.4,507.25,80,509.15,80,0,120
FINNIFTY02JAN2420850CE.NFO,02/01/2024,15:02:31,508.4,506.4,80,507.7,40,0,120
FINNIFTY02JAN2420850CE.NFO,02/01/2024,15:02:33,508.4,507.45,80,508.95,120,0,120
FINNIFTY02JAN2420850CE.NFO,02/01/2024,15:02:34,508.4,507.85,80,509.6,80,0,120
FINNIFTY02JAN2420850CE.NFO,02/01/2024,15:02:36,508.4,507.3,80,509,120,0,120
FINNIFTY02JAN2420850CE.NFO,02/01/2024,15:02:38,508.4,506.8,40,508.55,120,0,120
FINNIFTY02JAN2420850CE.NFO,02/01/2024,15:02:39,508.4,507.45,80,508.7,120,0,120
FINNIFTY02JAN2420850CE.NFO,02/01/2024,15:02:41,508.4,507.95,80,509.55,80,0,120
FINNIFTY02JAN2420850CE.NFO,02/01/2024,15:02:43,508.4,509.3,80,511,80,0,120
FINNIFTY02JAN2420850CE.NFO,02/01/2024,15:02:45,508.4,508.45,80,510.25,280,0,120
FINNIFTY02JAN2420850CE.NFO,02/01/2024,15:02:46,508.4,507.5,160,509.5,200,0,120
FINNIFTY02JAN2420850CE.NFO,02/01/2024,15:02:48,508.4,507.85,80,509.7,80,0,120
FINNIFTY02JAN2420850CE.NFO,02/01/2024,15:02:50,508.4,508.5,80,510.2,120,0,120
FINNIFTY02JAN2420850CE.NFO,02/01/2024,15:02:51,508.4,507.9,80,509.75,80,0,120
FINNIFTY02JAN2420850CE.NFO,02/01/2024,15:02:53,508.4,507.3,80,508.85,120,0,120
FINNIFTY02JAN2420850CE.NFO,02/01/2024,15:02:54,508.4,507.45,160,509.15,200,0,120
FINNIFTY02JAN2420850CE.NFO,02/01/2024,15:02:56,508.4,506.45,80,508.25,80,0,120
FINNIFTY02JAN2420850CE.NFO,02/01/2024,15:02:58,508.4,505.7,80,507.45,120,0,120
FINNIFTY02JAN2420850CE.NFO,02/01/2024,15:02:59,508.4,506.4,80,507.95,200,0,120
FINNIFTY02JAN2420850CE.NFO,02/01/2024,15:03:01,508.4,507.65,80,509.25,80,0,120
FINNIFTY02JAN2420850CE.NFO,02/01/2024,15:03:03,508.4,507.25,80,509.2,200,0,120
FINNIFTY02JAN2420850CE.NFO,02/01/2024,15:03:04,508.4,507.5,80,509.15,200,0,120
FINNIFTY02JAN2420850CE.NFO,02/01/2024,15:03:06,508.4,507.7,160,509.25,600,0,120
FINNIFTY02JAN2420850CE.NFO,02/01/2024,15:03:08,508.4,507.95,80,509.75,680,0,120
FINNIFTY02JAN2420850CE.NFO,02/01/2024,15:03:09,508.4,508.55,160,510.5,200,0,120
FINNIFTY02JAN2420850CE.NFO,02/01/2024,15:03:11,508.4,507.85,80,509.65,80,0,120
FINNIFTY02JAN2420850CE.NFO,02/01/2024,15:03:13,508.4,507.6,320,509.4,400,0,120
FINNIFTY02JAN2420850CE.NFO,02/01/2024,15:03:14,508.4,508.2,80,509.55,560,0,120
FINNIFTY02JAN2420850CE.NFO,02/01/2024,15:03:16,508.4,508.6,80,510.35,200,0,120
FINNIFTY02JAN2420850CE.NFO,02/01/2024,15:03:18,508.4,507.5,80,509.5,160,0,120
FINNIFTY02JAN2420850CE.NFO,02/01/2024,15:03:19,508.4,507.55,80,509.1,600,0,120
FINNIFTY02JAN2420850CE.NFO,02/01/2024,15:03:21,508.4,507.05,80,508.65,600,0,120
FINNIFTY02JAN2420850CE.NFO,02/01/2024,15:03:23,508.4,507.2,280,508.9,600,0,120
FINNIFTY02JAN2420850CE.NFO,02/01/2024,15:03:24,508.4,507.3,80,508.8,600,0,120
FINNIFTY02JAN2420850CE.NFO,02/01/2024,15:03:26,508.4,507.25,80,508.8,800,0,120
FINNIFTY02JAN2420850CE.NFO,02/01/2024,15:03:28,508.4,506.3,80,508.1,680,0,120
FINNIFTY02JAN2420850CE.NFO,02/01/2024,15:03:29,508.4,506.3,80,507.8,600,0,120
FINNIFTY02JAN2420850CE.NFO,02/01/2024,15:03:32,508.4,506.8,80,508.3,600,0,120
FINNIFTY02JAN2420850CE.NFO,02/01/2024,15:03:34,508.4,508,80,510.45,200,0,120
FINNIFTY02JAN2420850CE.NFO,02/01/2024,15:03:35,508.4,507.8,80,509.2,600,0,120
FINNIFTY02JAN2420850CE.NFO,02/01/2024,15:03:37,508.4,507.55,80,508.95,200,0,120
FINNIFTY02JAN2420850CE.NFO,02/01/2024,15:03:39,508.4,507.8,200,509.55,600,0,120
FINNIFTY02JAN2420850CE.NFO,02/01/2024,15:03:40,508.4,508.05,80,509.7,80,0,120
FINNIFTY02JAN2420850CE.NFO,02/01/2024,15:03:42,508.4,508.15,80,509.9,160,0,120
FINNIFTY02JAN2420850CE.NFO,02/01/2024,15:03:44,508.4,508.8,80,510.1,200,0,120
FINNIFTY02JAN2420850CE.NFO,02/01/2024,15:03:45,508.4,508.65,80,510.55,160,0,120
FINNIFTY02JAN2420850CE.NFO,02/01/2024,15:03:47,508.4,508.3,480,509.85,600,0,120
FINNIFTY02JAN2420850CE.NFO,02/01/2024,15:03:49,508.4,508.25,200,510.1,880,0,120
FINNIFTY02JAN2420850CE.NFO,02/01/2024,15:03:50,508.4,508.45,80,510.05,400,0,120
FINNIFTY02JAN2420850CE.NFO,02/01/2024,15:03:52,508.4,509.45,80,511.35,1000,0,120
FINNIFTY02JAN2420850CE.NFO,02/01/2024,15:03:53,508.4,509.65,80,511.6,600,0,120
FINNIFTY02JAN2420850CE.NFO,02/01/2024,15:03:55,508.4,509.1,80,510.8,400,0,120
FINNIFTY02JAN2420850CE.NFO,02/01/2024,15:03:57,508.4,509.45,80,511.1,400,0,120
FINNIFTY02JAN2420850CE.NFO,02/01/2024,15:03:58,508.4,509.6,120,511.15,560,0,120
FINNIFTY02JAN2420850CE.NFO,02/01/2024,15:04:00,508.4,510.3,160,512.15,80,0,120
FINNIFTY02JAN2420850CE.NFO,02/01/2024,15:04:02,508.4,511.7,600,515.45,1080,0,120
FINNIFTY02JAN2420850CE.NFO,02/01/2024,15:04:03,508.4,512,160,514.1,200,0,120
FINNIFTY02JAN2420850CE.NFO,02/01/2024,15:04:05,508.4,512.6,80,514.5,560,0,120
FINNIFTY02JAN2420850CE.NFO,02/01/2024,15:04:07,508.4,512.05,80,513.9,80,0,120
FINNIFTY02JAN2420850CE.NFO,02/01/2024,15:04:08,508.4,512.25,200,514.15,640,0,120
FINNIFTY02JAN2420850CE.NFO,02/01/2024,15:04:10,508.4,512.05,320,514.4,2720,0,120
FINNIFTY02JAN2420850CE.NFO,02/01/2024,15:04:12,508.4,512.7,80,514.5,560,0,120
FINNIFTY02JAN2420850CE.NFO,02/01/2024,15:04:13,508.4,511.65,80,514.1,320,0,120
FINNIFTY02JAN2420850CE.NFO,02/01/2024,15:04:15,508.4,511.85,80,513.6,200,0,120
FINNIFTY02JAN2420850CE.NFO,02/01/2024,15:04:17,508.4,510.35,80,512.15,600,0,120
FINNIFTY02JAN2420850CE.NFO,02/01/2024,15:04:18,508.4,510.15,80,511.8,600,0,120
FINNIFTY02JAN2420850CE.NFO,02/01/2024,15:04:20,508.4,510.9,80,512.6,200,0,120
FINNIFTY02JAN2420850CE.NFO,02/01/2024,15:04:22,508.4,511.25,160,512.75,600,0,120
FINNIFTY02JAN2420850CE.NFO,02/01/2024,15:04:23,508.4,510.4,80,512.1,120,0,120
FINNIFTY02JAN2420850CE.NFO,02/01/2024,15:04:25,508.4,509.4,40,511.3,600,0,120
FINNIFTY02JAN2420850CE.NFO,02/01/2024,15:04:27,508.4,509.9,200,511.65,120,0,120
FINNIFTY02JAN2420850CE.NFO,02/01/2024,15:04:28,508.4,510,160,511.9,80,0,120
FINNIFTY02JAN2420850CE.NFO,02/01/2024,15:04:30,508.4,510,80,511.45,120,0,120
FINNIFTY02JAN2420850CE.NFO,02/01/2024,15:04:32,508.4,510.2,160,511.75,120,0,120
FINNIFTY02JAN2420850CE.NFO,02/01/2024,15:04:34,508.4,509.5,80,511.35,160,0,120
FINNIFTY02JAN2420850CE.NFO,02/01/2024,15:04:35,508.4,508.7,160,510.55,120,0,120
FINNIFTY02JAN2420850CE.NFO,02/01/2024,15:04:37,508.4,508.55,80,510.35,80,0,120
FINNIFTY02JAN2420850CE.NFO,02/01/2024,15:04:39,508.4,508.2,80,509.8,200,0,120
FINNIFTY02JAN2420850CE.NFO,02/01/2024,15:04:40,508.4,508.1,80,509.85,120,0,120
FINNIFTY02JAN2420850CE.NFO,02/01/2024,15:04:42,508.4,509.05,80,510.8,120,0,120
FINNIFTY02JAN2420850CE.NFO,02/01/2024,15:04:44,508.4,509.6,80,511.05,80,0,120
FINNIFTY02JAN2420850CE.NFO,02/01/2024,15:04:45,508.4,509.45,80,511.15,160,0,120
FINNIFTY02JAN2420850CE.NFO,02/01/2024,15:04:47,508.4,508.65,200,510.75,200,0,120
FINNIFTY02JAN2420850CE.NFO,02/01/2024,15:04:49,508.4,509.35,80,511.25,1400,0,120
FINNIFTY02JAN2420850CE.NFO,02/01/2024,15:04:50,508.4,510.35,80,512.3,200,0,120
FINNIFTY02JAN2420850CE.NFO,02/01/2024,15:04:52,508.4,511.55,80,513.35,80,0,120
FINNIFTY02JAN2420850CE.NFO,02/01/2024,15:04:54,508.4,511.3,160,513.1,200,0,120
FINNIFTY02JAN2420850CE.NFO,02/01/2024,15:04:55,508.4,511.05,120,512.8,120,0,120
FINNIFTY02JAN2420850CE.NFO,02/01/2024,15:04:57,508.4,512,80,513.8,280,0,120
FINNIFTY02JAN2420850CE.NFO,02/01/2024,15:04:59,508.4,513.15,80,514.9,80,0,120
FINNIFTY02JAN2420850CE.NFO,02/01/2024,15:05:00,508.4,512.95,200,514.55,40,0,120
FINNIFTY02JAN2420850CE.NFO,02/01/2024,15:05:02,508.4,513.45,320,515.65,200,0,120
FINNIFTY02JAN2420850CE.NFO,02/01/2024,15:05:04,508.4,513.2,120,515.15,320,0,120
FINNIFTY02JAN2420850CE.NFO,02/01/2024,15:05:05,508.4,512.2,40,514.15,200,0,120
FINNIFTY02JAN2420850CE.NFO,02/01/2024,15:05:07,508.4,512.3,80,513.95,280,0,120
FINNIFTY02JAN2420850CE.NFO,02/01/2024,15:05:09,508.4,512.25,80,513.95,120,0,120
FINNIFTY02JAN2420850CE.NFO,02/01/2024,15:05:10,508.4,512.85,120,514.75,400,0,120
FINNIFTY02JAN2420850CE.NFO,02/01/2024,15:05:12,508.4,513.1,80,514.95,200,0,120
FINNIFTY02JAN2420850CE.NFO,02/01/2024,15:05:14,508.4,512.4,40,514.55,360,0,120
FINNIFTY02JAN2420850CE.NFO,02/01/2024,15:05:15,508.4,512.05,160,513.9,120,0,120
FINNIFTY02JAN2420850CE.NFO,02/01/2024,15:05:17,508.4,511.8,80,513.35,200,0,120
FINNIFTY02JAN2420850CE.NFO,02/01/2024,15:05:19,508.4,511.7,80,513.2,120,0,120
FINNIFTY02JAN2420850CE.NFO,02/01/2024,15:05:20,508.4,510.9,80,512.9,240,0,120
FINNIFTY02JAN2420850CE.NFO,02/01/2024,15:05:22,508.4,510.85,80,512.55,160,0,120
FINNIFTY02JAN2420850CE.NFO,02/01/2024,15:05:24,508.4,511.1,80,512.8,600,0,120
FINNIFTY02JAN2420850CE.NFO,02/01/2024,15:05:25,508.4,511.55,160,513.25,120,0,120
FINNIFTY02JAN2420850CE.NFO,02/01/2024,15:05:27,508.4,511.4,80,512.95,200,0,120
FINNIFTY02JAN2420850CE.NFO,02/01/2024,15:05:29,508.4,510.55,80,512.25,200,0,120
FINNIFTY02JAN2420850CE.NFO,02/01/2024,15:05:30,508.4,510.95,80,512.35,40,0,120
FINNIFTY02JAN2420850CE.NFO,02/01/2024,15:05:32,508.4,511.35,80,512.45,560,0,120
FINNIFTY02JAN2420850CE.NFO,02/01/2024,15:05:34,508.4,511.1,80,512.6,80,0,120
FINNIFTY02JAN2420850CE.NFO,02/01/2024,15:05:35,508.4,511.05,80,512.6,200,0,120
FINNIFTY02JAN2420850CE.NFO,02/01/2024,15:05:37,508.4,510.9,80,512.75,80,0,120
FINNIFTY02JAN2420850CE.NFO,02/01/2024,15:05:39,508.4,510.95,80,512.75,80,0,120
FINNIFTY02JAN2420850CE.NFO,02/01/2024,15:05:40,508.4,510.9,160,512.7,120,0,120
FINNIFTY02JAN2420850CE.NFO,02/01/2024,15:05:42,508.4,511.55,80,513.3,80,0,120
FINNIFTY02JAN2420850CE.NFO,02/01/2024,15:05:44,508.4,511.4,80,512.95,80,0,120
FINNIFTY02JAN2420850CE.NFO,02/01/2024,15:05:45,508.4,511.15,80,512.75,80,0,120
FINNIFTY02JAN2420850CE.NFO,02/01/2024,15:05:47,508.4,511.75,80,513.5,160,0,120
FINNIFTY02JAN2420850CE.NFO,02/01/2024,15:05:49,508.4,511.65,80,513.2,160,0,120
FINNIFTY02JAN2420850CE.NFO,02/01/2024,15:05:50,508.4,511.5,80,513.1,120,0,120
FINNIFTY02JAN2420850CE.NFO,02/01/2024,15:05:52,508.4,510.75,80,512.7,280,0,120
FINNIFTY02JAN2420850CE.NFO,02/01/2024,15:05:54,508.4,509.75,160,511.45,480,0,120
FINNIFTY02JAN2420850CE.NFO,02/01/2024,15:05:55,508.4,509.8,80,511.5,160,0,120
FINNIFTY02JAN2420850CE.NFO,02/01/2024,15:05:57,508.4,510.1,80,511.6,560,0,120
FINNIFTY02JAN2420850CE.NFO,02/01/2024,15:05:59,508.4,510.65,80,512.45,80,0,120
FINNIFTY02JAN2420850CE.NFO,02/01/2024,15:06:00,508.4,511.3,80,513.1,160,0,120
FINNIFTY02JAN2420850CE.NFO,02/01/2024,15:06:02,508.4,511.25,80,512.8,80,0,120
FINNIFTY02JAN2420850CE.NFO,02/01/2024,15:06:04,508.4,511.25,80,512.95,560,0,120
FINNIFTY02JAN2420850CE.NFO,02/01/2024,15:06:05,508.4,511.1,40,512.95,80,0,120
FINNIFTY02JAN2420850CE.NFO,02/01/2024,15:06:07,508.4,510.6,200,512.5,200,0,120
FINNIFTY02JAN2420850CE.NFO,02/01/2024,15:06:09,508.4,509.9,120,511.7,400,0,120
FINNIFTY02JAN2420850CE.NFO,02/01/2024,15:06:10,508.4,509.85,80,511.5,80,0,120
FINNIFTY02JAN2420850CE.NFO,02/01/2024,15:06:12,508.4,510.4,80,512.05,120,0,120
FINNIFTY02JAN2420850CE.NFO,02/01/2024,15:06:14,508.4,509.5,80,510.95,200,0,120
FINNIFTY02JAN2420850CE.NFO,02/01/2024,15:06:15,508.4,508.55,80,510.2,120,0,120
FINNIFTY02JAN2420850CE.NFO,02/01/2024,15:06:17,508.4,508.75,160,510.4,80,0,120
FINNIFTY02JAN2420850CE.NFO,02/01/2024,15:06:19,508.4,508.5,160,510.2,200,0,120
FINNIFTY02JAN2420850CE.NFO,02/01/2024,15:06:20,508.2,508.1,80,510,240,360,120
FINNIFTY02JAN2420850CE.NFO,02/01/2024,15:06:20,508.2,508.1,80,510,240,0,120
FINNIFTY02JAN2420850CE.NFO,02/01/2024,15:06:22,508.2,507.2,80,508.45,840,120,600
FINNIFTY02JAN2420850CE.NFO,02/01/2024,15:06:24,508.2,506.9,80,508.7,440,0,600
FINNIFTY02JAN2420850CE.NFO,02/01/2024,15:06:25,508.2,507.4,160,508.8,120,0,600
FINNIFTY02JAN2420850CE.NFO,02/01/2024,15:06:27,508.2,507.5,160,509.3,80,0,600
FINNIFTY02JAN2420850CE.NFO,02/01/2024,15:06:29,508.2,506.7,160,508.55,720,0,600
FINNIFTY02JAN2420850CE.NFO,02/01/2024,15:06:30,508.2,506,80,507.85,240,0,600
FINNIFTY02JAN2420850CE.NFO,02/01/2024,15:06:32,508.2,504.6,80,506.65,200,0,600
FINNIFTY02JAN2420850CE.NFO,02/01/2024,15:06:34,508.2,504.6,160,506.35,40,0,600
FINNIFTY02JAN2420850CE.NFO,02/01/2024,15:06:35,508.2,504.95,40,506.9,40,0,600
FINNIFTY02JAN2420850CE.NFO,02/01/2024,15:06:37,508.2,505.55,80,507.45,80,0,600
FINNIFTY02JAN2420850CE.NFO,02/01/2024,15:06:39,508.2,505.45,80,507,160,0,600
FINNIFTY02JAN2420850CE.NFO,02/01/2024,15:06:40,508.2,505.05,160,506.55,80,0,600
FINNIFTY02JAN2420850CE.NFO,02/01/2024,15:06:42,508.2,505.4,280,507.45,160,0,600
FINNIFTY02JAN2420850CE.NFO,02/01/2024,15:06:44,508.2,506.35,80,507.7,560,0,600
FINNIFTY02JAN2420850CE.NFO,02/01/2024,15:06:45,508.2,506.7,80,508.45,80,0,600
FINNIFTY02JAN2420850CE.NFO,02/01/2024,15:06:47,508.2,507,80,508.45,160,0,600
FINNIFTY02JAN2420850CE.NFO,02/01/2024,15:06:49,508.2,506.75,80,508.2,80,0,600
FINNIFTY02JAN2420850CE.NFO,02/01/2024,15:06:50,508.2,506.5,160,508.2,40,0,600
FINNIFTY02JAN2420850CE.NFO,02/01/2024,15:06:52,508.2,506.75,80,508.55,80,0,600
FINNIFTY02JAN2420850CE.NFO,02/01/2024,15:06:54,508.2,507,80,508.65,240,0,600
FINNIFTY02JAN2420850CE.NFO,02/01/2024,15:06:55,508.2,506.8,80,508.85,920,0,600
FINNIFTY02JAN2420850CE.NFO,02/01/2024,15:06:57,508.2,507.4,80,508.85,80,0,600
FINNIFTY02JAN2420850CE.NFO,02/01/2024,15:06:59,508.2,506.05,560,508.05,480,0,600
FINNIFTY02JAN2420850CE.NFO,02/01/2024,15:07:00,508.2,506.7,120,508.95,560,0,600
FINNIFTY02JAN2420850CE.NFO,02/01/2024,15:07:02,508.2,506.6,80,508.15,320,0,600
FINNIFTY02JAN2420850CE.NFO,02/01/2024,15:07:04,505.5,505.05,120,506.95,80,80,600
FINNIFTY02JAN2420850CE.NFO,02/01/2024,15:07:04,505.5,505.05,120,506.95,80,0,600
FINNIFTY02JAN2420850CE.NFO,02/01/2024,15:07:05,505.5,505.65,80,507.65,80,0,600
FINNIFTY02JAN2420850CE.NFO,02/01/2024,15:07:07,505.5,506,80,507.6,80,0,600
FINNIFTY02JAN2420850CE.NFO,02/01/2024,15:07:09,505.5,505.05,80,506.65,80,0,600
FINNIFTY02JAN2420850CE.NFO,02/01/2024,15:07:10,505.5,504.35,160,506,400,0,600
FINNIFTY02JAN2420850CE.NFO,02/01/2024,15:07:12,505.5,504.1,80,505.85,80,0,600
FINNIFTY02JAN2420850CE.NFO,02/01/2024,15:07:14,505.5,504.45,160,506.35,80,0,600
FINNIFTY02JAN2420850CE.NFO,02/01/2024,15:07:16,505.5,504.1,320,505.9,80,0,600
FINNIFTY02JAN2420850CE.NFO,02/01/2024,15:07:17,505.5,503.55,80,505.45,920,0,600
FINNIFTY02JAN2420850CE.NFO,02/01/2024,15:07:19,505.5,502.95,80,504.65,560,0,600
FINNIFTY02JAN2420850CE.NFO,02/01/2024,15:07:21,505.5,502.75,200,505,160,0,600
FINNIFTY02JAN2420850CE.NFO,02/01/2024,15:07:22,505.5,503.1,560,504.75,120,0,600
FINNIFTY02JAN2420850CE.NFO,02/01/2024,15:07:24,505.5,502.55,200,504.55,160,0,600
FINNIFTY02JAN2420850CE.NFO,02/01/2024,15:07:26,505.5,500.85,480,503.8,80,0,600
FINNIFTY02JAN2420850CE.NFO,02/01/2024,15:07:27,505.5,501.1,160,503,80,0,600
FINNIFTY02JAN2420850CE.NFO,02/01/2024,15:07:29,505.5,500.4,80,502.6,840,0,600
FINNIFTY02JAN2420850CE.NFO,02/01/2024,15:07:30,505.5,500.35,520,502.55,80,0,600
FINNIFTY02JAN2420850CE.NFO,02/01/2024,15:07:32,505.5,500.05,120,501.95,160,0,600
FINNIFTY02JAN2420850CE.NFO,02/01/2024,15:07:34,505.5,495.65,80,502,200,0,600
FINNIFTY02JAN2420850CE.NFO,02/01/2024,15:07:35,505.5,499.5,160,501.65,520,0,600
FINNIFTY02JAN2420850CE.NFO,02/01/2024,15:07:37,505.5,499.75,80,501.9,80,0,600
FINNIFTY02JAN2420850CE.NFO,02/01/2024,15:07:39,505.5,498.95,200,501.15,200,0,600
FINNIFTY02JAN2420850CE.NFO,02/01/2024,15:07:40,505.5,498.1,80,500.4,2040,0,600
FINNIFTY02JAN2420850CE.NFO,02/01/2024,15:07:42,505.5,495.85,3960,498.35,200,0,600
FINNIFTY02JAN2420850CE.NFO,02/01/2024,15:07:44,505.5,496.5,240,498.9,200,0,600
FINNIFTY02JAN2420850CE.NFO,02/01/2024,15:07:45,505.5,497.4,200,499.1,40,0,600
FINNIFTY02JAN2420850CE.NFO,02/01/2024,15:07:47,505.5,496.45,80,498.2,400,0,600
FINNIFTY02JAN2420850CE.NFO,02/01/2024,15:07:49,505.5,495.3,40,497.35,360,0,600
FINNIFTY02JAN2420850CE.NFO,02/01/2024,15:07:50,505.5,494.75,400,497.35,360,0,600
FINNIFTY02JAN2420850CE.NFO,02/01/2024,15:07:52,505.5,495.9,360,497.95,120,0,600
FINNIFTY02JAN2420850CE.NFO,02/01/2024,15:07:54,505.5,495.3,40,496.75,400,0,600
FINNIFTY02JAN2420850CE.NFO,02/01/2024,15:07:55,505.5,495.45,40,496.8,80,0,600
FINNIFTY02JAN2420850CE.NFO,02/01/2024,15:07:57,505.5,494.7,80,496.25,360,0,600
FINNIFTY02JAN2420850CE.NFO,02/01/2024,15:07:59,505.5,494.75,40,495.95,200,0,600
FINNIFTY02JAN2420850CE.NFO,02/01/2024,15:08:00,505.5,491.95,720,495.45,1000,0,600
FINNIFTY02JAN2420850CE.NFO,02/01/2024,15:08:02,505.5,492.95,80,494.7,80,0,600
FINNIFTY02JAN2420850CE.NFO,02/01/2024,15:08:04,505.5,492.2,200,494.65,560,0,600
FINNIFTY02JAN2420850CE.NFO,02/01/2024,15:08:05,505.5,493.5,160,495.2,240,0,600
FINNIFTY02JAN2420850CE.NFO,02/01/2024,15:08:07,505.5,493.8,120,495.35,40,0,600
FINNIFTY02JAN2420850CE.NFO,02/01/2024,15:08:09,505.5,494.95,560,497,80,0,600
FINNIFTY02JAN2420850CE.NFO,02/01/2024,15:08:10,505.5,495.25,80,497.15,520,0,600
FINNIFTY02JAN2420850CE.NFO,02/01/2024,15:08:12,497.8,496.6,80,498,120,120,600
FINNIFTY02JAN2420850CE.NFO,02/01/2024,15:08:12,497.8,496.6,80,498,120,0,600
FINNIFTY02JAN2420850CE.NFO,02/01/2024,15:08:14,497.8,496.45,80,498.1,280,0,600
FINNIFTY02JAN2420850CE.NFO,02/01/2024,15:08:15,497.8,496.5,120,497.9,80,0,600
FINNIFTY02JAN2420850CE.NFO,02/01/2024,15:08:17,497.8,497.35,40,499.15,80,0,600
FINNIFTY02JAN2420850CE.NFO,02/01/2024,15:08:19,497.8,497.85,40,499.55,120,0,600
FINNIFTY02JAN2420850CE.NFO,02/01/2024,15:08:20,497.8,498.15,80,499.8,80,0,600
FINNIFTY02JAN2420850CE.NFO,02/01/2024,15:08:22,497.8,497.75,40,499.45,440,0,600
FINNIFTY02JAN2420850CE.NFO,02/01/2024,15:08:24,497.8,497.7,40,499.6,280,0,600
FINNIFTY02JAN2420850CE.NFO,02/01/2024,15:08:25,497.8,497.2,120,499,160,0,600
FINNIFTY02JAN2420850CE.NFO,02/01/2024,15:08:27,497.8,497.4,120,499.3,1040,0,600
FINNIFTY02JAN2420850CE.NFO,02/01/2024,15:08:29,497.8,497.7,80,499.4,560,0,600
FINNIFTY02JAN2420850CE.NFO,02/01/2024,15:08:31,497.8,497.75,80,499.15,240,0,600
FINNIFTY02JAN2420850CE.NFO,02/01/2024,15:08:32,497.8,497.8,80,499.25,560,0,600
FINNIFTY02JAN2420850CE.NFO,02/01/2024,15:08:34,497.8,497.85,80,499.35,320,0,600
FINNIFTY02JAN2420850CE.NFO,02/01/2024,15:08:36,497.8,497.2,40,499.05,160,0,600
FINNIFTY02JAN2420850CE.NFO,02/01/2024,15:08:37,497.8,497.6,40,499.15,400,0,600
FINNIFTY02JAN2420850CE.NFO,02/01/2024,15:08:39,497.8,496.1,80,498.65,600,0,600
FINNIFTY02JAN2420850CE.NFO,02/01/2024,15:08:41,497.8,496.75,40,498.25,480,0,600
FINNIFTY02JAN2420850CE.NFO,02/01/2024,15:08:42,497.8,495.95,40,497.9,840,0,600
FINNIFTY02JAN2420850CE.NFO,02/01/2024,15:08:44,497.8,496.25,80,497.95,80,0,600
FINNIFTY02JAN2420850CE.NFO,02/01/2024,15:08:46,497.8,496.35,120,498.1,240,0,600
FINNIFTY02JAN2420850CE.NFO,02/01/2024,15:08:47,496.35,495.4,80,497.1,80,40,600
FINNIFTY02JAN2420850CE.NFO,02/01/2024,15:08:47,496.35,495.4,80,497.1,80,0,600
FINNIFTY02JAN2420850CE.NFO,02/01/2024,15:08:49,496.35,494.7,40,496.2,80,0,600
FINNIFTY02JAN2420850CE.NFO,02/01/2024,15:08:51,496.35,495,200,496.85,480,0,600
FINNIFTY02JAN2420850CE.NFO,02/01/2024,15:08:52,496.35,495.15,40,496.45,600,0,600
FINNIFTY02JAN2420850CE.NFO,02/01/2024,15:08:54,496.35,493.45,40,495.3,200,0,600
FINNIFTY02JAN2420850CE.NFO,02/01/2024,15:08:56,496.35,493.4,40,495,120,0,600
FINNIFTY02JAN2420850CE.NFO,02/01/2024,15:08:57,496.35,493.45,120,494.95,440,0,600
FINNIFTY02JAN2420850CE.NFO,02/01/2024,15:08:59,496.35,493.05,80,494.7,80,0,600
FINNIFTY02JAN2420850CE.NFO,02/01/2024,15:09:01,496.35,493.15,40,494.3,80,0,600
FINNIFTY02JAN2420850CE.NFO,02/01/2024,15:09:02,496.35,493.4,80,495.15,80,0,600
FINNIFTY02JAN2420850CE.NFO,02/01/2024,15:09:04,496.35,494.7,80,496.1,120,0,600
FINNIFTY02JAN2420850CE.NFO,02/01/2024,15:09:06,496.35,494.95,80,496.05,80,0,600
FINNIFTY02JAN2420850CE.NFO,02/01/2024,15:09:07,496.35,494.05,120,495.55,120,0,600
FINNIFTY02JAN2420850CE.NFO,02/01/2024,15:09:09,496.35,494.35,320,496.05,80,0,600
FINNIFTY02JAN2420850CE.NFO,02/01/2024,15:09:11,496.35,495.1,40,496.65,360,0,600
FINNIFTY02JAN2420850CE.NFO,02/01/2024,15:09:12,496.35,494.75,40,495.85,400,0,600
FINNIFTY02JAN2420850CE.NFO,02/01/2024,15:09:14,496.35,494.45,80,496.4,240,0,600
FINNIFTY02JAN2420850CE.NFO,02/01/2024,15:09:16,496.35,494.7,120,496.6,160,0,600
FINNIFTY02JAN2420850CE.NFO,02/01/2024,15:09:17,496.35,495,80,496.35,80,0,600
FINNIFTY02JAN2420850CE.NFO,02/01/2024,15:09:19,496.35,495.1,160,496.9,80,0,600
FINNIFTY02JAN2420850CE.NFO,02/01/2024,15:09:21,496.35,495.45,200,497.1,80,0,600
FINNIFTY02JAN2420850CE.NFO,02/01/2024,15:09:22,496.35,495.8,160,497.05,80,0,600
FINNIFTY02JAN2420850CE.NFO,02/01/2024,15:09:24,496.35,494.65,320,496.7,160,0,600
FINNIFTY02JAN2420850CE.NFO,02/01/2024,15:09:26,496.35,494.8,80,496.35,160,0,600
FINNIFTY02JAN2420850CE.NFO,02/01/2024,15:09:27,496.35,494.95,40,496.45,240,0,600
FINNIFTY02JAN2420850CE.NFO,02/01/2024,15:09:29,496.35,494.25,120,496,200,0,600
FINNIFTY02JAN2420850CE.NFO,02/01/2024,15:09:31,496.35,494.8,160,496.65,960,0,600
FINNIFTY02JAN2420850CE.NFO,02/01/2024,15:09:32,496.35,494.1,280,496,320,0,600
FINNIFTY02JAN2420850CE.NFO,02/01/2024,15:09:34,496.35,494.2,40,495.55,240,0,600
FINNIFTY02JAN2420850CE.NFO,02/01/2024,15:09:36,496.35,494.3,120,495.9,720,0,600
FINNIFTY02JAN2420850CE.NFO,02/01/2024,15:09:37,496.35,494.45,80,495.95,1160,0,600
FINNIFTY02JAN2420850CE.NFO,02/01/2024,15:09:39,496.35,493.5,40,494.95,160,0,600
FINNIFTY02JAN2420850CE.NFO,02/01/2024,15:09:41,496.35,493.05,40,494.65,200,0,600
FINNIFTY02JAN2420850CE.NFO,02/01/2024,15:09:42,496.35,493.1,40,494.45,40,0,600
FINNIFTY02JAN2420850CE.NFO,02/01/2024,15:09:44,496.35,493.5,80,495.15,120,0,600
FINNIFTY02JAN2420850CE.NFO,02/01/2024,15:09:46,496.35,494.1,40,495.15,40,0,600
FINNIFTY02JAN2420850CE.NFO,02/01/2024,15:09:47,496.35,494.25,80,495.55,160,0,600
FINNIFTY02JAN2420850CE.NFO,02/01/2024,15:09:49,496.35,493.25,80,494.8,440,0,600
FINNIFTY02JAN2420850CE.NFO,02/01/2024,15:09:51,496.35,493.3,640,495.05,360,0,600
FINNIFTY02JAN2420850CE.NFO,02/01/2024,15:09:52,496.35,493.5,40,495.2,200,0,600
FINNIFTY02JAN2420850CE.NFO,02/01/2024,15:09:54,496.35,493.75,40,495.4,160,0,600
FINNIFTY02JAN2420850CE.NFO,02/01/2024,15:09:56,496.35,494.4,80,496,80,0,600
FINNIFTY02JAN2420850CE.NFO,02/01/2024,15:09:57,496.35,494.65,120,495.95,80,0,600
FINNIFTY02JAN2420850CE.NFO,02/01/2024,15:09:59,496.35,493.95,120,495.5,160,0,600
FINNIFTY02JAN2420850CE.NFO,02/01/2024,15:10:01,496.35,493.15,40,494.85,240,0,600
FINNIFTY02JAN2420850CE.NFO,02/01/2024,15:10:02,496.35,493.25,120,494.65,80,0,600
FINNIFTY02JAN2420850CE.NFO,02/01/2024,15:10:04,493.25,492.15,160,493.6,160,40,160
FINNIFTY02JAN2420850CE.NFO,02/01/2024,15:10:04,493.25,492.15,160,493.6,160,0,160
FINNIFTY02JAN2420850CE.NFO,02/01/2024,15:10:06,493.25,492.05,120,493.75,160,0,160
FINNIFTY02JAN2420850CE.NFO,02/01/2024,15:10:07,493.25,491.4,40,492.9,400,0,160
FINNIFTY02JAN2420850CE.NFO,02/01/2024,15:10:09,493.25,491.8,80,493.55,440,0,160
FINNIFTY02JAN2420850CE.NFO,02/01/2024,15:10:11,493.25,492.1,40,493.6,80,0,160
FINNIFTY02JAN2420850CE.NFO,02/01/2024,15:10:12,493.25,493.05,40,494.5,160,0,160
FINNIFTY02JAN2420850CE.NFO,02/01/2024,15:10:14,493.25,492.35,80,493.9,80,0,160
FINNIFTY02JAN2420850CE.NFO,02/01/2024,15:10:16,493.25,492.95,80,493.95,40,0,160
FINNIFTY02JAN2420850CE.NFO,02/01/2024,15:10:17,493.95,493.35,160,494.9,240,40,160
FINNIFTY02JAN2420850CE.NFO,02/01/2024,15:10:19,493.95,493.65,40,495.3,160,0,160
FINNIFTY02JAN2420850CE.NFO,02/01/2024,15:10:21,493.95,493.9,80,495.2,80,0,160
FINNIFTY02JAN2420850CE.NFO,02/01/2024,15:10:22,493.95,491.85,40,493.6,600,40,160
FINNIFTY02JAN2420850CE.NFO,02/01/2024,15:10:24,493.95,491.9,80,493.1,160,0,160
FINNIFTY02JAN2420850CE.NFO,02/01/2024,15:10:26,493.95,491.95,40,493.25,360,0,160
FINNIFTY02JAN2420850CE.NFO,02/01/2024,15:10:27,493.95,492,80,493.3,120,0,160
FINNIFTY02JAN2420850CE.NFO,02/01/2024,15:10:29,493.95,491.35,40,492.95,40,0,160
FINNIFTY02JAN2420850CE.NFO,02/01/2024,15:10:31,493.95,490.85,40,492.5,640,0,160
FINNIFTY02JAN2420850CE.NFO,02/01/2024,15:10:32,493.95,490.9,80,492.25,200,0,160
FINNIFTY02JAN2420850CE.NFO,02/01/2024,15:10:34,490.8,488.8,200,491.05,600,80,160
FINNIFTY02JAN2420850CE.NFO,02/01/2024,15:10:34,490.15,488.8,200,491.05,600,0,160
FINNIFTY02JAN2420850CE.NFO,02/01/2024,15:10:36,490.8,489.45,40,490.9,240,0,160
FINNIFTY02JAN2420850CE.NFO,02/01/2024,15:10:37,490.8,489.3,40,490.95,40,0,160
FINNIFTY02JAN2420850CE.NFO,02/01/2024,15:10:39,490.8,488.9,40,490.05,40,0,160
FINNIFTY02JAN2420850CE.NFO,02/01/2024,15:10:41,490.8,489.1,40,490.8,40,0,160
FINNIFTY02JAN2420850CE.NFO,02/01/2024,15:10:42,490.8,490.25,80,491.7,80,0,160
FINNIFTY02JAN2420850CE.NFO,02/01/2024,15:10:44,490.8,490.75,160,492.55,400,0,160
FINNIFTY02JAN2420850CE.NFO,02/01/2024,15:10:46,490.8,491,160,492.6,40,0,160
FINNIFTY02JAN2420850CE.NFO,02/01/2024,15:10:47,491.05,491.05,40,492.35,440,40,160
FINNIFTY02JAN2420850CE.NFO,02/01/2024,15:10:49,491.05,491.25,80,492.6,40,0,160
FINNIFTY02JAN2420850CE.NFO,02/01/2024,15:10:51,491.05,492.1,120,493.9,640,0,160
FINNIFTY02JAN2420850CE.NFO,02/01/2024,15:10:52,491.05,492.4,40,493.95,40,0,160
FINNIFTY02JAN2420850CE.NFO,02/01/2024,15:10:54,491.05,492.9,40,494.05,80,0,160
FINNIFTY02JAN2420850CE.NFO,02/01/2024,15:10:56,491.05,491.8,80,493.5,40,0,160
FINNIFTY02JAN2420850CE.NFO,02/01/2024,15:10:57,491.05,491.85,40,493.3,200,0,160
FINNIFTY02JAN2420850CE.NFO,02/01/2024,15:10:59,491.05,491.85,40,493.5,200,0,160
FINNIFTY02JAN2420850CE.NFO,02/01/2024,15:11:01,491.05,491.85,40,493.15,520,0,160
FINNIFTY02JAN2420850CE.NFO,02/01/2024,15:11:02,491.05,490.35,160,492.6,320,0,160
FINNIFTY02JAN2420850CE.NFO,02/01/2024,15:11:04,491.05,491,40,492.7,200,0,160
FINNIFTY02JAN2420850CE.NFO,02/01/2024,15:11:06,491.05,491.05,80,492.45,80,0,160
FINNIFTY02JAN2420850CE.NFO,02/01/2024,15:11:07,491.05,491.15,80,492.95,80,0,160
FINNIFTY02JAN2420850CE.NFO,02/01/2024,15:11:09,491.05,491.5,80,493.05,320,0,160
FINNIFTY02JAN2420850CE.NFO,02/01/2024,15:11:11,491.05,491.6,200,493.15,120,0,160
FINNIFTY02JAN2420850CE.NFO,02/01/2024,15:11:12,491.05,492.3,80,493.15,40,0,160
FINNIFTY02JAN2420850CE.NFO,02/01/2024,15:11:14,493.15,493.15,80,494.85,240,40,160
FINNIFTY02JAN2420850CE.NFO,02/01/2024,15:11:16,493.15,493.3,40,494.8,200,0,160
FINNIFTY02JAN2420850CE.NFO,02/01/2024,15:11:17,493.15,493.35,40,494.75,40,0,160
FINNIFTY02JAN2420850CE.NFO,02/01/2024,15:11:19,493.15,494,80,495.55,80,0,160
FINNIFTY02JAN2420850CE.NFO,02/01/2024,15:11:21,493.15,494.05,80,495.4,80,0,160
FINNIFTY02JAN2420850CE.NFO,02/01/2024,15:11:22,493.15,494.2,80,495.7,160,0,160
FINNIFTY02JAN2420850CE.NFO,02/01/2024,15:11:24,493.15,494.45,120,496.2,80,0,160
FINNIFTY02JAN2420850CE.NFO,02/01/2024,15:11:26,493.15,494.7,120,496.2,160,0,160
FINNIFTY02JAN2420850CE.NFO,02/01/2024,15:11:27,493.15,495.05,240,496.75,40,0,160
FINNIFTY02JAN2420850CE.NFO,02/01/2024,15:11:29,493.15,495.55,80,497.3,40,0,160
FINNIFTY02JAN2420850CE.NFO,02/01/2024,15:11:31,493.15,495.9,40,497.55,280,0,160
FINNIFTY02JAN2420850CE.NFO,02/01/2024,15:11:32,493.15,495.95,160,497.4,80,0,160
FINNIFTY02JAN2420850CE.NFO,02/01/2024,15:11:34,493.15,495.95,80,497.25,240,0,160
FINNIFTY02JAN2420850CE.NFO,02/01/2024,15:11:36,493.15,495.8,80,497.7,40,0,160
FINNIFTY02JAN2420850CE.NFO,02/01/2024,15:11:37,493.15,496.45,80,498.05,80,0,160
FINNIFTY02JAN2420850CE.NFO,02/01/2024,15:11:39,496.4,495.4,80,496.8,40,40,160
FINNIFTY02JAN2420850CE.NFO,02/01/2024,15:11:41,496.4,494.7,40,496.15,80,0,160
FINNIFTY02JAN2420850CE.NFO,02/01/2024,15:11:42,496.4,494.9,40,496.5,40,0,160
FINNIFTY02JAN2420850CE.NFO,02/01/2024,15:11:44,496.4,495,120,496.7,80,0,160
FINNIFTY02JAN2420850CE.NFO,02/01/2024,15:11:46,496.4,494.4,80,496.1,240,0,160
FINNIFTY02JAN2420850CE.NFO,02/01/2024,15:11:47,496.4,494.55,80,496.7,240,0,160
FINNIFTY02JAN2420850CE.NFO,02/01/2024,15:11:49,496.4,495.2,80,496.55,40,0,160
FINNIFTY02JAN2420850CE.NFO,02/01/2024,15:11:51,494.65,494.15,120,495.3,160,40,160
FINNIFTY02JAN2420850CE.NFO,02/01/2024,15:11:52,494.65,493.8,80,494.9,160,0,160
FINNIFTY02JAN2420850CE.NFO,02/01/2024,15:11:54,494.65,493.8,120,494.9,160,0,160
FINNIFTY02JAN2420850CE.NFO,02/01/2024,15:11:56,494.65,493.45,120,494.8,160,0,160
FINNIFTY02JAN2420850CE.NFO,02/01/2024,15:11:57,494.65,494.2,80,495.35,160,0,160
FINNIFTY02JAN2420850CE.NFO,02/01/2024,15:11:59,494.65,494.45,80,495.55,160,0,160
FINNIFTY02JAN2420850CE.NFO,02/01/2024,15:12:01,494.65,494.55,40,495.7,160,0,160
FINNIFTY02JAN2420850CE.NFO,02/01/2024,15:12:02,494.65,494.55,40,495.5,160,0,160
FINNIFTY02JAN2420850CE.NFO,02/01/2024,15:12:04,494.65,493.65,80,494.95,160,0,160
FINNIFTY02JAN2420850CE.NFO,02/01/2024,15:12:06,494.65,494,120,495.25,160,0,160
FINNIFTY02JAN2420850CE.NFO,02/01/2024,15:12:07,494.65,494.2,80,495.35,160,0,160
FINNIFTY02JAN2420850CE.NFO,02/01/2024,15:12:09,494.65,494.15,80,495.15,160,0,160
FINNIFTY02JAN2420850CE.NFO,02/01/2024,15:12:11,493.4,493.4,40,494,40,120,160
FINNIFTY02JAN2420850CE.NFO,02/01/2024,15:12:12,494,493.75,80,495.65,200,40,160
FINNIFTY02JAN2420850CE.NFO,02/01/2024,15:12:14,495.95,494.7,160,495.9,40,80,240
FINNIFTY02JAN2420850CE.NFO,02/01/2024,15:12:16,495.95,494.6,160,495.7,160,0,240
FINNIFTY02JAN2420850CE.NFO,02/01/2024,15:12:17,495.95,494.6,160,495.65,160,0,240
FINNIFTY02JAN2420850CE.NFO,02/01/2024,15:12:19,494.15,493.9,160,495.1,40,40,240
FINNIFTY02JAN2420850CE.NFO,02/01/2024,15:12:21,494.15,493.8,40,494.8,40,0,240
FINNIFTY02JAN2420850CE.NFO,02/01/2024,15:12:22,494.15,493.95,40,494.55,40,0,240
FINNIFTY02JAN2420850CE.NFO,02/01/2024,15:12:24,494.15,493.4,160,494.45,40,0,240
FINNIFTY02JAN2420850CE.NFO,02/01/2024,15:12:26,494.15,493.8,40,494.85,40,0,240
FINNIFTY02JAN2420850CE.NFO,02/01/2024,15:12:27,494.15,493.25,160,494.55,40,0,240
FINNIFTY02JAN2420850CE.NFO,02/01/2024,15:12:29,494.15,492.7,160,493.75,40,0,240
FINNIFTY02JAN2420850CE.NFO,02/01/2024,15:12:31,493.05,492.1,40,493.6,40,40,240
FINNIFTY02JAN2420850CE.NFO,02/01/2024,15:12:33,493.05,492.1,40,493.35,200,0,240
FINNIFTY02JAN2420850CE.NFO,02/01/2024,15:12:34,493.05,492.1,40,492.9,240,0,240
FINNIFTY02JAN2420850CE.NFO,02/01/2024,15:12:36,493.05,491.6,280,493.1,80,0,240
FINNIFTY02JAN2420850CE.NFO,02/01/2024,15:12:38,493.05,492.5,80,493.7,40,0,240
FINNIFTY02JAN2420850CE.NFO,02/01/2024,15:12:39,493.05,492,120,493.65,280,0,240
FINNIFTY02JAN2420850CE.NFO,02/01/2024,15:12:41,493.05,491.05,40,492.75,200,0,240
FINNIFTY02JAN2420850CE.NFO,02/01/2024,15:12:43,493.05,491.8,40,493.4,80,0,240
FINNIFTY02JAN2420850CE.NFO,02/01/2024,15:12:44,493.05,492.2,40,493.4,40,0,240
FINNIFTY02JAN2420850CE.NFO,02/01/2024,15:12:46,493.05,492.55,80,493.4,40,0,240
FINNIFTY02JAN2420850CE.NFO,02/01/2024,15:12:48,493.05,492.65,160,493.4,40,0,240
FINNIFTY02JAN2420850CE.NFO,02/01/2024,15:12:49,493.4,493.05,80,494.55,40,40,240
FINNIFTY02JAN2420850CE.NFO,02/01/2024,15:12:51,493.4,493.25,40,494.25,80,0,240
FINNIFTY02JAN2420850CE.NFO,02/01/2024,15:12:53,493.4,491.95,120,493.45,80,0,240
FINNIFTY02JAN2420850CE.NFO,02/01/2024,15:12:54,493.4,491.45,80,493.15,200,0,240
FINNIFTY02JAN2420850CE.NFO,02/01/2024,15:12:56,493.4,491.85,80,493.55,200,0,240
FINNIFTY02JAN2420850CE.NFO,02/01/2024,15:12:58,493.4,492.05,120,493.7,80,0,240
FINNIFTY02JAN2420850CE.NFO,02/01/2024,15:12:59,493.4,491.45,80,493.15,40,0,240
FINNIFTY02JAN2420850CE.NFO,02/01/2024,15:13:01,493.4,491.75,40,493.15,40,0,240
FINNIFTY02JAN2420850CE.NFO,02/01/2024,15:13:03,493.15,492.7,80,494.35,80,40,240
FINNIFTY02JAN2420850CE.NFO,02/01/2024,15:13:04,493.15,492.9,120,494.5,80,0,240
FINNIFTY02JAN2420850CE.NFO,02/01/2024,15:13:06,493.15,492.9,40,493.95,40,0,240
FINNIFTY02JAN2420850CE.NFO,02/01/2024,15:13:08,493.15,492.9,40,493.75,280,0,240
FINNIFTY02JAN2420850CE.NFO,02/01/2024,15:13:09,493.15,492.65,40,493.6,280,0,240
FINNIFTY02JAN2420850CE.NFO,02/01/2024,15:13:11,493.15,492.65,40,493.6,40,0,240
FINNIFTY02JAN2420850CE.NFO,02/01/2024,15:13:13,493.15,492.65,40,493.6,80,0,240
FINNIFTY02JAN2420850CE.NFO,02/01/2024,15:13:14,493.15,492.65,40,493.55,40,0,240
FINNIFTY02JAN2420850CE.NFO,02/01/2024,15:13:16,493.15,493,120,493.55,40,0,240
FINNIFTY02JAN2420850CE.NFO,02/01/2024,15:13:18,493.55,493.45,40,495.15,240,40,240
FINNIFTY02JAN2420850CE.NFO,02/01/2024,15:13:19,493.55,493.6,120,495.25,240,0,240
FINNIFTY02JAN2420850CE.NFO,02/01/2024,15:13:21,493.55,493.7,200,495.25,40,0,240
FINNIFTY02JAN2420850CE.NFO,02/01/2024,15:13:23,493.55,493.45,120,495,440,0,240
FINNIFTY02JAN2420850CE.NFO,02/01/2024,15:13:24,493.55,493.7,120,495.15,520,0,240
FINNIFTY02JAN2420850CE.NFO,02/01/2024,15:13:26,493.55,493.5,80,495.05,200,0,240
FINNIFTY02JAN2420850CE.NFO,02/01/2024,15:13:28,493.55,493.45,120,495,240,0,240
FINNIFTY02JAN2420850CE.NFO,02/01/2024,15:13:29,493.55,493.3,80,494.95,320,0,240
FINNIFTY02JAN2420850CE.NFO,02/01/2024,15:13:31,493.55,493,80,494.55,240,0,240
FINNIFTY02JAN2420850CE.NFO,02/01/2024,15:13:33,493.55,492.9,80,494.65,400,0,240
FINNIFTY02JAN2420850CE.NFO,02/01/2024,15:13:34,493.55,492.9,120,494.55,160,0,240
FINNIFTY02JAN2420850CE.NFO,02/01/2024,15:13:36,493.55,492.25,80,493.8,240,0,240
FINNIFTY02JAN2420850CE.NFO,02/01/2024,15:13:38,493.55,492.1,160,493.95,680,0,240
FINNIFTY02JAN2420850CE.NFO,02/01/2024,15:13:39,493.55,491.95,120,493.65,240,0,240
FINNIFTY02JAN2420850CE.NFO,02/01/2024,15:13:41,493.55,492.15,120,493.7,80,0,240
FINNIFTY02JAN2420850CE.NFO,02/01/2024,15:13:43,493.55,492.3,120,493.7,40,0,240
FINNIFTY02JAN2420850CE.NFO,02/01/2024,15:13:44,493.55,492.6,80,494.3,240,0,240
FINNIFTY02JAN2420850CE.NFO,02/01/2024,15:13:46,493.55,492.9,80,494.5,440,0,240
FINNIFTY02JAN2420850CE.NFO,02/01/2024,15:13:48,493.55,493.05,80,494.45,240,0,240
FINNIFTY02JAN2420850CE.NFO,02/01/2024,15:13:49,493.55,493.05,80,494.5,40,0,240
FINNIFTY02JAN2420850CE.NFO,02/01/2024,15:13:51,493.55,493.05,80,494.25,240,0,240
FINNIFTY02JAN2420850CE.NFO,02/01/2024,15:13:53,493.55,493.05,80,494.3,40,0,240
FINNIFTY02JAN2420850CE.NFO,02/01/2024,15:13:54,493.55,493.05,80,494.2,200,0,240
FINNIFTY02JAN2420850CE.NFO,02/01/2024,15:13:56,493.55,493.15,120,494.7,120,0,240
FINNIFTY02JAN2420850CE.NFO,02/01/2024,15:13:58,493.55,493.4,160,495,720,0,240
FINNIFTY02JAN2420850CE.NFO,02/01/2024,15:13:59,493.55,493.45,200,494.9,200,0,240
FINNIFTY02JAN2420850CE.NFO,02/01/2024,15:14:01,493.55,493.5,200,495,80,0,240
FINNIFTY02JAN2420850CE.NFO,02/01/2024,15:14:03,493.55,493.8,200,498.75,120,0,240
FINNIFTY02JAN2420850CE.NFO,02/01/2024,15:14:04,493.55,494.4,80,496.2,7480,0,240
FINNIFTY02JAN2420850CE.NFO,02/01/2024,15:14:06,493.55,494.45,320,496.4,400,0,240
FINNIFTY02JAN2420850CE.NFO,02/01/2024,15:14:08,493.55,494.5,80,495.45,200,0,240
FINNIFTY02JAN2420850CE.NFO,02/01/2024,15:14:09,493.55,493.5,80,495.25,200,0,240
FINNIFTY02JAN2420850CE.NFO,02/01/2024,15:14:11,493.55,493.55,80,495,240,0,240
FINNIFTY02JAN2420850CE.NFO,02/01/2024,15:14:13,493.55,494,120,495.55,40,0,240
FINNIFTY02JAN2420850CE.NFO,02/01/2024,15:14:14,493.55,493.95,80,495.8,560,0,240
FINNIFTY02JAN2420850CE.NFO,02/01/2024,15:14:16,493.55,494,120,495.5,200,0,240
FINNIFTY02JAN2420850CE.NFO,02/01/2024,15:14:18,493.55,494.25,1280,496.3,1320,0,240
FINNIFTY02JAN2420850CE.NFO,02/01/2024,15:14:19,493.55,494.35,800,495.9,40,0,240
FINNIFTY02JAN2420850CE.NFO,02/01/2024,15:14:21,493.55,494.7,80,496.25,80,0,240
FINNIFTY02JAN2420850CE.NFO,02/01/2024,15:14:23,493.55,495,120,496.7,240,0,240
FINNIFTY02JAN2420850CE.NFO,02/01/2024,15:14:24,493.55,494.95,40,496.55,400,0,240
FINNIFTY02JAN2420850CE.NFO,02/01/2024,15:14:26,493.55,495.15,120,496.6,80,0,240
FINNIFTY02JAN2420850CE.NFO,02/01/2024,15:14:28,493.55,495.35,40,496.85,40,0,240
FINNIFTY02JAN2420850CE.NFO,02/01/2024,15:14:29,493.55,495.7,120,497.1,40,0,240
FINNIFTY02JAN2420850CE.NFO,02/01/2024,15:14:31,493.55,495.95,80,497.6,40,0,240
FINNIFTY02JAN2420850CE.NFO,02/01/2024,15:14:33,493.55,495.5,80,497,40,0,240
FINNIFTY02JAN2420850CE.NFO,02/01/2024,15:14:35,493.55,495.45,120,496.85,40,0,240
FINNIFTY02JAN2420850CE.NFO,02/01/2024,15:14:36,493.55,496,800,497.75,80,0,240
FINNIFTY02JAN2420850CE.NFO,02/01/2024,15:14:38,493.55,496.2,120,498,440,0,240
FINNIFTY02JAN2420850CE.NFO,02/01/2024,15:14:40,493.55,496.6,400,497.95,40,0,240
FINNIFTY02JAN2420850CE.NFO,02/01/2024,15:14:41,493.55,497.15,120,498.65,40,0,240
FINNIFTY02JAN2420850CE.NFO,02/01/2024,15:14:43,493.55,496.4,120,498.05,480,0,240
FINNIFTY02JAN2420850CE.NFO,02/01/2024,15:14:45,493.55,497.4,40,499.25,440,0,240
FINNIFTY02JAN2420850CE.NFO,02/01/2024,15:14:46,493.55,497.25,80,499.05,480,0,240
FINNIFTY02JAN2420850CE.NFO,02/01/2024,15:14:48,493.55,496.95,200,498.5,40,0,240
FINNIFTY02JAN2420850CE.NFO,02/01/2024,15:14:50,493.55,497.1,80,498.55,40,0,240
FINNIFTY02JAN2420850CE.NFO,02/01/2024,15:14:51,493.55,497.1,80,498.6,40,0,240
FINNIFTY02JAN2420850CE.NFO,02/01/2024,15:14:53,493.55,497.65,120,499.05,40,0,240
FINNIFTY02JAN2420850CE.NFO,02/01/2024,15:14:55,493.55,497.75,40,499.35,280,0,240
FINNIFTY02JAN2420850CE.NFO,02/01/2024,15:14:56,493.55,497.6,120,499.2,40,0,240
FINNIFTY02JAN2420850CE.NFO,02/01/2024,15:14:58,493.55,497.15,80,499,40,0,240
FINNIFTY02JAN2420850CE.NFO,02/01/2024,15:15:00,493.55,497.2,360,498.9,480,0,240
FINNIFTY02JAN2420850CE.NFO,02/01/2024,15:15:01,493.55,497.25,400,498.85,40,0,240
FINNIFTY02JAN2420850CE.NFO,02/01/2024,15:15:03,493.55,497.3,120,498.4,40,0,240
FINNIFTY02JAN2420850CE.NFO,02/01/2024,15:15:05,493.55,496.95,120,497.95,40,0,240
FINNIFTY02JAN2420850CE.NFO,02/01/2024,15:15:06,493.55,497.05,40,498.45,40,0,240
FINNIFTY02JAN2420850CE.NFO,02/01/2024,15:15:08,493.55,497.05,400,498.65,40,0,240
FINNIFTY02JAN2420850CE.NFO,02/01/2024,15:15:10,493.55,497.05,120,498.5,40,0,240
FINNIFTY02JAN2420850CE.NFO,02/01/2024,15:15:11,493.55,497.05,40,498.25,40,0,240
FINNIFTY02JAN2420850CE.NFO,02/01/2024,15:15:13,493.55,497.1,120,498.4,40,0,240
FINNIFTY02JAN2420850CE.NFO,02/01/2024,15:15:15,493.55,497.3,120,500.2,200,0,240
FINNIFTY02JAN2420850CE.NFO,02/01/2024,15:15:16,493.55,497.5,960,499.55,3440,0,240
FINNIFTY02JAN2420850CE.NFO,02/01/2024,15:15:18,493.55,497.65,120,499.2,40,0,240
FINNIFTY02JAN2420850CE.NFO,02/01/2024,15:15:20,493.55,497.9,400,499.55,40,0,240
FINNIFTY02JAN2420850CE.NFO,02/01/2024,15:15:21,493.55,498.2,800,499.8,40,0,240
FINNIFTY02JAN2420850CE.NFO,02/01/2024,15:15:23,493.55,498.15,40,499.6,40,0,240
FINNIFTY02JAN2420850CE.NFO,02/01/2024,15:15:25,493.55,497.1,360,498.65,40,0,240
FINNIFTY02JAN2420850CE.NFO,02/01/2024,15:15:26,493.55,497.3,120,498.9,240,0,240
FINNIFTY02JAN2420850CE.NFO,02/01/2024,15:15:28,493.55,497.1,120,498.6,40,0,240
FINNIFTY02JAN2420850CE.NFO,02/01/2024,15:15:30,493.55,496.95,120,498.25,40,0,240
FINNIFTY02JAN2420850CE.NFO,02/01/2024,15:15:32,493.55,496.95,120,497.85,120,0,240
FINNIFTY02JAN2420850CE.NFO,02/01/2024,15:15:33,493.55,496.15,160,497.45,280,0,240
FINNIFTY02JAN2420850CE.NFO,02/01/2024,15:15:35,493.55,496.15,160,497.15,40,0,240
FINNIFTY02JAN2420850CE.NFO,02/01/2024,15:15:37,493.55,496.15,160,497.15,80,0,240
FINNIFTY02JAN2420850CE.NFO,02/01/2024,15:15:38,493.55,496.15,80,497.05,40,0,240
FINNIFTY02JAN2420850CE.NFO,02/01/2024,15:15:40,493.55,496.15,40,497,920,0,240
FINNIFTY02JAN2420850CE.NFO,02/01/2024,15:15:42,493.55,495.85,80,497.1,40,0,240
FINNIFTY02JAN2420850CE.NFO,02/01/2024,15:15:43,493.55,495.15,120,496.4,1240,0,240
FINNIFTY02JAN2420850CE.NFO,02/01/2024,15:15:45,493.55,495.1,80,496,440,0,240
FINNIFTY02JAN2420850CE.NFO,02/01/2024,15:15:47,493.55,495.1,80,496.35,40,0,240
FINNIFTY02JAN2420850CE.NFO,02/01/2024,15:15:48,493.55,495.1,80,496.7,80,0,240
FINNIFTY02JAN2420850CE.NFO,02/01/2024,15:15:50,493.55,495.8,80,496.9,40,0,240
FINNIFTY02JAN2420850CE.NFO,02/01/2024,15:15:52,493.55,495.4,80,496.35,240,0,240
FINNIFTY02JAN2420850CE.NFO,02/01/2024,15:15:53,493.55,495.4,80,496.1,240,0,240
FINNIFTY02JAN2420850CE.NFO,02/01/2024,15:15:55,493.55,494.4,80,496.05,200,0,240
FINNIFTY02JAN2420850CE.NFO,02/01/2024,15:15:57,493.55,494.6,80,496.1,240,0,240
FINNIFTY02JAN2420850CE.NFO,02/01/2024,15:15:58,493.55,495,120,496.6,640,0,240
FINNIFTY02JAN2420850CE.NFO,02/01/2024,15:16:00,493.55,495.1,40,496.7,40,0,240
FINNIFTY02JAN2420850CE.NFO,02/01/2024,15:16:02,493.55,495.25,80,496.6,440,0,240
FINNIFTY02JAN2420850CE.NFO,02/01/2024,15:16:03,493.55,495.25,80,496.55,40,0,240
FINNIFTY02JAN2420850CE.NFO,02/01/2024,15:16:05,493.55,495.45,80,496.75,40,0,240
FINNIFTY02JAN2420850CE.NFO,02/01/2024,15:16:07,493.55,495.9,80,497.2,40,0,240
FINNIFTY02JAN2420850CE.NFO,02/01/2024,15:16:08,493.55,496.1,80,497.2,40,0,240
FINNIFTY02JAN2420850CE.NFO,02/01/2024,15:16:10,493.55,496.2,240,497.85,40,0,240
FINNIFTY02JAN2420850CE.NFO,02/01/2024,15:16:12,493.55,496.65,120,497.85,40,0,240
FINNIFTY02JAN2420850CE.NFO,02/01/2024,15:16:13,493.55,496.75,120,497.85,40,0,240
FINNIFTY02JAN2420850CE.NFO,02/01/2024,15:16:15,493.55,496.55,120,497.8,40,0,240
FINNIFTY02JAN2420850CE.NFO,02/01/2024,15:16:17,493.55,496.7,40,498.1,280,0,240
FINNIFTY02JAN2420850CE.NFO,02/01/2024,15:16:18,493.55,496.5,80,497.45,40,0,240
FINNIFTY02JAN2420850CE.NFO,02/01/2024,15:16:20,493.55,496.5,80,497.35,40,0,240
FINNIFTY02JAN2420850CE.NFO,02/01/2024,15:16:23,493.55,495.55,80,497,40,0,240
FINNIFTY02JAN2420850CE.NFO,02/01/2024,15:16:25,493.55,495.6,80,496.65,440,0,240
FINNIFTY02JAN2420850CE.NFO,02/01/2024,15:16:27,493.55,495.55,80,496.75,80,0,240
FINNIFTY02JAN2420850CE.NFO,02/01/2024,15:16:28,493.55,495.55,80,496.65,440,0,240
FINNIFTY02JAN2420850CE.NFO,02/01/2024,15:16:30,493.55,495.55,80,496.65,240,0,240
FINNIFTY02JAN2420850CE.NFO,02/01/2024,15:16:32,493.55,495.55,80,496.85,40,0,240
FINNIFTY02JAN2420850CE.NFO,02/01/2024,15:16:33,493.55,495.65,120,496.85,40,0,240
FINNIFTY02JAN2420850CE.NFO,02/01/2024,15:16:35,493.55,495.7,40,496.85,40,0,240
FINNIFTY02JAN2420850CE.NFO,02/01/2024,15:16:37,493.55,495.75,120,497.1,80,0,240
FINNIFTY02JAN2420850CE.NFO,02/01/2024,15:16:38,493.55,495.7,160,497.05,40,0,240
FINNIFTY02JAN2420850CE.NFO,02/01/2024,15:16:40,493.55,495.7,80,497,40,0,240
FINNIFTY02JAN2420850CE.NFO,02/01/2024,15:16:42,493.55,496.25,80,497.85,200,0,240
FINNIFTY02JAN2420850CE.NFO,02/01/2024,15:16:43,493.55,496.35,80,497.7,40,0,240
FINNIFTY02JAN2420850CE.NFO,02/01/2024,15:16:45,493.55,496.3,80,497.5,40,0,240
FINNIFTY02JAN2420850CE.NFO,02/01/2024,15:16:47,493.55,496.35,120,497.45,80,0,240
FINNIFTY02JAN2420850CE.NFO,02/01/2024,15:16:48,493.55,496.35,40,497.15,80,0,240
FINNIFTY02JAN2420850CE.NFO,02/01/2024,15:16:50,493.55,496.35,120,497.1,40,0,240
FINNIFTY02JAN2420850CE.NFO,02/01/2024,15:16:52,493.55,496.3,80,497.2,40,0,240
FINNIFTY02JAN2420850CE.NFO,02/01/2024,15:16:55,493.55,496.3,80,497.55,160,0,240
FINNIFTY02JAN2420850CE.NFO,02/01/2024,15:16:57,493.55,496.35,80,497.55,120,0,240
FINNIFTY02JAN2420850CE.NFO,02/01/2024,15:16:58,493.55,496.35,40,497.3,40,0,240
FINNIFTY02JAN2420850CE.NFO,02/01/2024,15:17:00,493.55,496.3,80,497.2,120,0,240
FINNIFTY02JAN2420850CE.NFO,02/01/2024,15:17:02,493.55,496.3,80,497.15,40,0,240
FINNIFTY02JAN2420850CE.NFO,02/01/2024,15:17:03,493.55,496.3,80,497.5,40,0,240
FINNIFTY02JAN2420850CE.NFO,02/01/2024,15:17:05,493.55,496.3,80,497.35,80,0,240
FINNIFTY02JAN2420850CE.NFO,02/01/2024,15:17:07,493.55,496.3,80,497.7,120,0,240
FINNIFTY02JAN2420850CE.NFO,02/01/2024,15:17:08,493.55,496.3,80,497.5,40,0,240
FINNIFTY02JAN2420850CE.NFO,02/01/2024,15:17:10,493.55,496.3,80,497.4,120,0,240
FINNIFTY02JAN2420850CE.NFO,02/01/2024,15:17:12,493.55,496.3,80,497.35,40,0,240
FINNIFTY02JAN2420850CE.NFO,02/01/2024,15:17:13,493.55,496.3,80,497.25,40,0,240
FINNIFTY02JAN2420850CE.NFO,02/01/2024,15:17:15,493.55,495.5,200,496.95,40,0,240
FINNIFTY02JAN2420850CE.NFO,02/01/2024,15:17:17,493.55,495.7,40,497.3,40,0,240
FINNIFTY02JAN2420850CE.NFO,02/01/2024,15:17:18,493.55,495.95,80,497.3,40,0,240
FINNIFTY02JAN2420850CE.NFO,02/01/2024,15:17:20,493.55,496.1,280,497.6,120,0,240
FINNIFTY02JAN2420850CE.NFO,02/01/2024,15:17:22,493.55,496.25,80,497.55,80,0,240
FINNIFTY02JAN2420850CE.NFO,02/01/2024,15:17:23,493.55,496.1,80,497.35,40,0,240
FINNIFTY02JAN2420850CE.NFO,02/01/2024,15:17:25,493.55,496.1,80,497.1,40,0,240
FINNIFTY02JAN2420850CE.NFO,02/01/2024,15:17:27,493.55,496.15,80,497.55,40,0,240
FINNIFTY02JAN2420850CE.NFO,02/01/2024,15:17:28,493.55,496.15,40,497.35,80,0,240
FINNIFTY02JAN2420850CE.NFO,02/01/2024,15:17:33,493.55,496.15,80,497.4,40,0,240
FINNIFTY02JAN2420850CE.NFO,02/01/2024,15:17:34,493.55,496.15,80,497.35,40,0,240
FINNIFTY02JAN2420850CE.NFO,02/01/2024,15:17:38,493.55,496.15,80,497.25,40,0,240
FINNIFTY02JAN2420850CE.NFO,02/01/2024,15:17:39,493.55,496.25,120,497.65,40,0,240
FINNIFTY02JAN2420850CE.NFO,02/01/2024,15:17:41,493.55,496.2,80,497.55,40,0,240
FINNIFTY02JAN2420850CE.NFO,02/01/2024,15:17:43,493.55,496.45,80,497.95,40,0,240
FINNIFTY02JAN2420850CE.NFO,02/01/2024,15:17:44,493.55,496.55,120,498.25,160,0,240
FINNIFTY02JAN2420850CE.NFO,02/01/2024,15:17:46,493.55,496.75,160,498.1,40,0,240
FINNIFTY02JAN2420850CE.NFO,02/01/2024,15:17:48,493.55,496.95,80,498.45,40,0,240
FINNIFTY02JAN2420850CE.NFO,02/01/2024,15:17:51,493.55,497.05,200,498.5,40,0,240
FINNIFTY02JAN2420850CE.NFO,02/01/2024,15:17:53,493.55,497.1,120,498.65,40,0,240
FINNIFTY02JAN2420850CE.NFO,02/01/2024,15:17:54,493.55,497.2,120,498.3,40,0,240
FINNIFTY02JAN2420850CE.NFO,02/01/2024,15:17:56,493.55,496.65,80,498.1,40,0,240
FINNIFTY02JAN2420850CE.NFO,02/01/2024,15:17:58,493.55,496.55,160,498.1,40,0,240
FINNIFTY02JAN2420850CE.NFO,02/01/2024,15:17:59,493.55,496.7,160,498.05,40,0,240
FINNIFTY02JAN2420850CE.NFO,02/01/2024,15:18:01,493.55,496.95,80,498.4,40,0,240
FINNIFTY02JAN2420850CE.NFO,02/01/2024,15:18:02,493.55,497.1,80,498.35,40,0,240
FINNIFTY02JAN2420850CE.NFO,02/01/2024,15:18:04,493.55,497.4,40,498.95,80,0,240
FINNIFTY02JAN2420850CE.NFO,02/01/2024,15:18:06,493.55,497.6,80,498.95,40,0,240
FINNIFTY02JAN2420850CE.NFO,02/01/2024,15:18:07,493.55,497.65,120,499.15,40,0,240
FINNIFTY02JAN2420850CE.NFO,02/01/2024,15:18:09,493.55,497.7,320,499.1,40,0,240
FINNIFTY02JAN2420850CE.NFO,02/01/2024,15:18:11,493.55,497.9,120,499.35,40,0,240
FINNIFTY02JAN2420850CE.NFO,02/01/2024,15:18:12,493.55,497.2,240,498.9,40,0,240
FINNIFTY02JAN2420850CE.NFO,02/01/2024,15:18:14,493.55,497.85,40,499.35,40,0,240
FINNIFTY02JAN2420850CE.NFO,02/01/2024,15:18:16,493.55,497.95,120,499.55,40,0,240
FINNIFTY02JAN2420850CE.NFO,02/01/2024,15:18:17,493.55,498.2,80,499.55,40,0,240
FINNIFTY02JAN2420850CE.NFO,02/01/2024,15:18:19,493.55,497.6,40,499.3,40,0,240
FINNIFTY02JAN2420850CE.NFO,02/01/2024,15:18:21,493.55,497.55,80,499.2,40,0,240
FINNIFTY02JAN2420850CE.NFO,02/01/2024,15:18:22,493.55,497.4,120,499.05,80,0,240
FINNIFTY02JAN2420850CE.NFO,02/01/2024,15:18:24,493.55,497.2,80,498.9,40,0,240
FINNIFTY02JAN2420850CE.NFO,02/01/2024,15:18:26,493.55,497.3,200,498.7,40,0,240
FINNIFTY02JAN2420850CE.NFO,02/01/2024,15:18:27,493.55,497.3,200,498.65,80,0,240
FINNIFTY02JAN2420850CE.NFO,02/01/2024,15:18:31,493.55,497.6,400,499.1,40,0,240
FINNIFTY02JAN2420850CE.NFO,02/01/2024,15:18:33,493.55,498.1,160,499.55,40,0,240
FINNIFTY02JAN2420850CE.NFO,02/01/2024,15:18:35,493.55,498.25,120,499.9,40,0,240
FINNIFTY02JAN2420850CE.NFO,02/01/2024,15:18:36,493.55,498.3,40,499.75,80,0,240
FINNIFTY02JAN2420850CE.NFO,02/01/2024,15:18:38,493.55,498.4,80,499.75,40,0,240
FINNIFTY02JAN2420850CE.NFO,02/01/2024,15:18:40,493.55,498.7,120,500.1,80,0,240
FINNIFTY02JAN2420850CE.NFO,02/01/2024,15:18:41,493.55,498.95,80,500.55,40,0,240
FINNIFTY02JAN2420850CE.NFO,02/01/2024,15:18:43,493.55,498.9,120,500.45,40,0,240
FINNIFTY02JAN2420850CE.NFO,02/01/2024,15:18:45,493.55,499.25,160,500.9,120,0,240
FINNIFTY02JAN2420850CE.NFO,02/01/2024,15:18:47,493.55,499.4,80,500.9,80,0,240
FINNIFTY02JAN2420850CE.NFO,02/01/2024,15:18:48,493.55,499.6,80,500.9,40,0,240
FINNIFTY02JAN2420850CE.NFO,02/01/2024,15:18:50,493.55,499.5,120,500.9,40,0,240
FINNIFTY02JAN2420850CE.NFO,02/01/2024,15:18:51,493.55,499.55,400,500.9,40,0,240
FINNIFTY02JAN2420850CE.NFO,02/01/2024,15:18:53,493.55,499.4,120,500.9,40,0,240
FINNIFTY02JAN2420850CE.NFO,02/01/2024,15:18:55,493.55,499.2,120,500.7,40,0,240
FINNIFTY02JAN2420850CE.NFO,02/01/2024,15:18:56,493.55,499.45,120,500.7,40,0,240
FINNIFTY02JAN2420850CE.NFO,02/01/2024,15:18:58,493.55,499,160,500.5,240,0,240
FINNIFTY02JAN2420850CE.NFO,02/01/2024,15:19:00,493.55,498.95,200,500.25,40,0,240
FINNIFTY02JAN2420850CE.NFO,02/01/2024,15:19:01,493.55,499,200,500.75,200,0,240
FINNIFTY02JAN2420850CE.NFO,02/01/2024,15:19:03,493.55,499,120,500.3,240,0,240
FINNIFTY02JAN2420850CE.NFO,02/01/2024,15:19:05,493.55,499,120,500.3,40,0,240
FINNIFTY02JAN2420850CE.NFO,02/01/2024,15:19:06,493.55,499,40,500.3,40,0,240
FINNIFTY02JAN2420850CE.NFO,02/01/2024,15:19:08,493.55,498.2,200,499.8,40,0,240
FINNIFTY02JAN2420850CE.NFO,02/01/2024,15:19:10,493.55,498.35,200,499.65,240,0,240
FINNIFTY02JAN2420850CE.NFO,02/01/2024,15:19:11,493.55,497.95,240,499.45,240,0,240
FINNIFTY02JAN2420850CE.NFO,02/01/2024,15:19:13,493.55,497.95,200,499.2,40,0,240
FINNIFTY02JAN2420850CE.NFO,02/01/2024,15:19:15,493.55,497.7,200,499,40,0,240
FINNIFTY02JAN2420850CE.NFO,02/01/2024,15:19:16,493.55,497.7,200,498.85,40,0,240
FINNIFTY02JAN2420850CE.NFO,02/01/2024,15:19:23,493.55,497.75,120,499.35,240,0,240
FINNIFTY02JAN2420850CE.NFO,02/01/2024,15:19:25,493.55,497.85,200,499.15,40,0,240
FINNIFTY02JAN2420850CE.NFO,02/01/2024,15:19:26,493.55,497.55,160,499.05,40,0,240
FINNIFTY02JAN2420850CE.NFO,02/01/2024,15:19:28,493.55,497.6,320,498.9,40,0,240
FINNIFTY02JAN2420850CE.NFO,02/01/2024,15:19:30,493.55,497.75,120,498.9,40,0,240
FINNIFTY02JAN2420850CE.NFO,02/01/2024,15:19:31,493.55,497.55,120,498.8,40,0,240
FINNIFTY02JAN2420850CE.NFO,02/01/2024,15:19:33,493.55,497.55,120,498.75,40,0,240
FINNIFTY02JAN2420850CE.NFO,02/01/2024,15:19:35,493.55,497.5,120,498.7,40,0,240
FINNIFTY02JAN2420850CE.NFO,02/01/2024,15:19:38,493.55,497.55,360,498.7,40,0,240
FINNIFTY02JAN2420850CE.NFO,02/01/2024,15:19:40,493.55,497.5,120,498.85,40,0,240
FINNIFTY02JAN2420850CE.NFO,02/01/2024,15:19:41,493.55,497.55,280,499.35,3680,0,240
FINNIFTY02JAN2420850CE.NFO,02/01/2024,15:19:43,493.55,497.55,120,498.85,40,0,240
FINNIFTY02JAN2420850CE.NFO,02/01/2024,15:19:45,493.55,497.55,120,498.8,40,0,240
FINNIFTY02JAN2420850CE.NFO,02/01/2024,15:19:48,493.55,497.6,120,498.8,40,0,240
FINNIFTY02JAN2420850CE.NFO,02/01/2024,15:19:50,493.55,497.75,40,499.2,40,0,240
FINNIFTY02JAN2420850CE.NFO,02/01/2024,15:19:51,493.55,498,80,499.5,40,0,240
FINNIFTY02JAN2420850CE.NFO,02/01/2024,15:19:53,493.55,497.65,120,499.15,240,0,240
FINNIFTY02JAN2420850CE.NFO,02/01/2024,15:19:55,493.55,497.6,120,498.85,680,0,240
FINNIFTY02JAN2420850CE.NFO,02/01/2024,15:19:56,493.55,497.65,120,498.45,40,0,240
FINNIFTY02JAN2420850CE.NFO,02/01/2024,15:19:58,493.55,497.7,120,499,120,0,240
FINNIFTY02JAN2420850CE.NFO,02/01/2024,15:20:00,493.55,497.1,160,498.3,40,0,240
FINNIFTY02JAN2420850CE.NFO,02/01/2024,15:20:01,493.55,497.1,160,498.35,40,0,240
FINNIFTY02JAN2420850CE.NFO,02/01/2024,15:20:03,493.55,497.1,80,498,40,0,240
FINNIFTY02JAN2420850CE.NFO,02/01/2024,15:20:05,493.55,497.15,80,498.5,40,0,240
FINNIFTY02JAN2420850CE.NFO,02/01/2024,15:20:06,493.55,497.15,120,498.5,40,0,240
FINNIFTY02JAN2420850CE.NFO,02/01/2024,15:20:08,493.55,497.1,80,498.15,40,0,240
FINNIFTY02JAN2420850CE.NFO,02/01/2024,15:20:10,493.55,497.1,80,498.55,280,0,240
FINNIFTY02JAN2420850CE.NFO,02/01/2024,15:20:11,493.55,497.1,80,498.3,40,0,240
FINNIFTY02JAN2420850CE.NFO,02/01/2024,15:20:13,493.55,497.1,80,498.2,40,0,240
FINNIFTY02JAN2420850CE.NFO,02/01/2024,15:20:15,493.55,497.1,80,498.1,40,0,240
FINNIFTY02JAN2420850CE.NFO,02/01/2024,15:20:16,493.55,497.1,120,498.7,240,0,240
FINNIFTY02JAN2420850CE.NFO,02/01/2024,15:20:18,493.55,497.15,80,498.6,80,0,240
FINNIFTY02JAN2420850CE.NFO,02/01/2024,15:20:21,493.55,497.15,120,498.45,40,0,240
FINNIFTY02JAN2420850CE.NFO,02/01/2024,15:20:23,493.55,497.2,80,498.2,120,0,240
FINNIFTY02JAN2420850CE.NFO,02/01/2024,15:20:25,493.55,497.1,80,498.2,40,0,240
FINNIFTY02JAN2420850CE.NFO,02/01/2024,15:20:26,493.55,497.1,80,498.15,40,0,240
FINNIFTY02JAN2420850CE.NFO,02/01/2024,15:20:30,493.55,497.15,120,498.15,40,0,240
FINNIFTY02JAN2420850CE.NFO,02/01/2024,15:20:30,493.55,497.15,40,498.15,40,0,240
FINNIFTY02JAN2420850CE.NFO,02/01/2024,15:20:32,493.55,497.1,80,498.1,40,0,240
FINNIFTY02JAN2420850CE.NFO,02/01/2024,15:20:34,493.55,497.15,160,498.05,40,0,240
FINNIFTY02JAN2420850CE.NFO,02/01/2024,15:20:35,493.55,497.15,200,498.05,40,0,240
FINNIFTY02JAN2420850CE.NFO,02/01/2024,15:20:39,493.55,497.15,200,498.45,40,0,240
FINNIFTY02JAN2420850CE.NFO,02/01/2024,15:20:40,493.55,497.15,200,498.4,40,0,240
FINNIFTY02JAN2420850CE.NFO,02/01/2024,15:20:42,493.55,497.15,280,498.95,1920,0,240
FINNIFTY02JAN2420850CE.NFO,02/01/2024,15:20:44,493.55,497.2,400,498.7,40,0,240
FINNIFTY02JAN2420850CE.NFO,02/01/2024,15:20:45,493.55,497.3,120,498.65,40,0,240
FINNIFTY02JAN2420850CE.NFO,02/01/2024,15:20:47,493.55,497.15,320,498.6,40,0,240
FINNIFTY02JAN2420850CE.NFO,02/01/2024,15:20:49,493.55,497.2,120,498.6,40,0,240
FINNIFTY02JAN2420850CE.NFO,02/01/2024,15:20:52,493.55,497.15,200,498.4,40,0,240
FINNIFTY02JAN2420850CE.NFO,02/01/2024,15:20:54,493.55,497.15,200,498.35,40,0,240
FINNIFTY02JAN2420850CE.NFO,02/01/2024,15:20:55,493.55,497.15,200,498.3,40,0,240
FINNIFTY02JAN2420850CE.NFO,02/01/2024,15:20:59,493.55,497.15,280,498.55,240,0,240
FINNIFTY02JAN2420850CE.NFO,02/01/2024,15:21:00,493.55,497.2,80,498.45,40,0,240
FINNIFTY02JAN2420850CE.NFO,02/01/2024,15:21:02,493.55,497.3,160,498.8,160,0,240
FINNIFTY02JAN2420850CE.NFO,02/01/2024,15:21:04,493.55,497.4,240,498.7,40,0,240
FINNIFTY02JAN2420850CE.NFO,02/01/2024,15:21:05,493.55,497.5,160,498.95,40,0,240
FINNIFTY02JAN2420850CE.NFO,02/01/2024,15:21:07,493.55,497.5,120,498.9,40,0,240
FINNIFTY02JAN2420850CE.NFO,02/01/2024,15:21:09,493.55,497.45,120,498.7,40,0,240
FINNIFTY02JAN2420850CE.NFO,02/01/2024,15:21:10,493.55,497.5,120,498.6,40,0,240
FINNIFTY02JAN2420850CE.NFO,02/01/2024,15:21:14,493.55,497.35,120,498.5,80,0,240
FINNIFTY02JAN2420850CE.NFO,02/01/2024,15:21:15,493.55,497.35,40,498.35,280,0,240
FINNIFTY02JAN2420850CE.NFO,02/01/2024,15:21:17,493.55,497.25,200,498.3,40,0,240
FINNIFTY02JAN2420850CE.NFO,02/01/2024,15:21:19,493.55,497.25,200,498.2,80,0,240
FINNIFTY02JAN2420850CE.NFO,02/01/2024,15:21:20,493.55,497.25,120,498.5,240,0,240
FINNIFTY02JAN2420850CE.NFO,02/01/2024,15:21:22,493.55,497.25,120,498.3,40,0,240
FINNIFTY02JAN2420850CE.NFO,02/01/2024,15:21:24,493.55,497.2,80,498.2,40,0,240
FINNIFTY02JAN2420850CE.NFO,02/01/2024,15:21:27,493.55,497.2,80,498.15,80,0,240
FINNIFTY02JAN2420850CE.NFO,02/01/2024,15:21:30,493.55,497.2,80,498.55,240,0,240
FINNIFTY02JAN2420850CE.NFO,02/01/2024,15:21:32,493.55,497.2,80,498.35,80,0,240
FINNIFTY02JAN2420850CE.NFO,02/01/2024,15:21:37,493.55,497.3,120,498.6,80,0,240
FINNIFTY02JAN2420850CE.NFO,02/01/2024,15:21:38,493.55,497.25,80,498.6,80,0,240
FINNIFTY02JAN2420850CE.NFO,02/01/2024,15:21:40,493.55,497.25,80,498.4,40,0,240
FINNIFTY02JAN2420850CE.NFO,02/01/2024,15:21:43,493.55,497.25,80,498.3,40,0,240
FINNIFTY02JAN2420850CE.NFO,02/01/2024,15:21:45,493.55,497.25,80,498.2,40,0,240
FINNIFTY02JAN2420850CE.NFO,02/01/2024,15:21:47,493.55,497.25,80,498.7,600,0,240
FINNIFTY02JAN2420850CE.NFO,02/01/2024,15:21:48,493.55,497.25,80,498.55,40,0,240
FINNIFTY02JAN2420850CE.NFO,02/01/2024,15:21:50,493.55,497.25,160,498.5,80,0,240
FINNIFTY02JAN2420850CE.NFO,02/01/2024,15:21:52,493.55,497.35,80,498.5,80,0,240
FINNIFTY02JAN2420850CE.NFO,02/01/2024,15:21:53,493.55,497.45,160,498.5,40,0,240
FINNIFTY02JAN2420850CE.NFO,02/01/2024,15:21:55,493.55,497.45,200,498.5,40,0,240
FINNIFTY02JAN2420850CE.NFO,02/01/2024,15:21:57,493.55,497.45,200,498.45,80,0,240
FINNIFTY02JAN2420850CE.NFO,02/01/2024,15:21:58,493.55,497.45,200,498.45,40,0,240
FINNIFTY02JAN2420850CE.NFO,02/01/2024,15:22:00,493.55,497.6,120,498.7,40,0,240
FINNIFTY02JAN2420850CE.NFO,02/01/2024,15:22:02,493.55,497.5,120,498.6,80,0,240
FINNIFTY02JAN2420850CE.NFO,02/01/2024,15:22:03,493.55,497.45,80,498.4,40,0,240
FINNIFTY02JAN2420850CE.NFO,02/01/2024,15:22:08,493.55,497.45,80,498.35,80,0,240
FINNIFTY02JAN2420850CE.NFO,02/01/2024,15:22:10,493.55,496.85,160,498.45,40,0,240
FINNIFTY02JAN2420850CE.NFO,02/01/2024,15:22:12,493.55,497.25,120,498.35,120,0,240
FINNIFTY02JAN2420850CE.NFO,02/01/2024,15:22:13,493.55,497.25,40,498.25,120,0,240
FINNIFTY02JAN2420850CE.NFO,02/01/2024,15:22:15,493.55,497.2,80,498.15,40,0,240
FINNIFTY02JAN2420850CE.NFO,02/01/2024,15:22:20,493.55,497.2,80,498.05,80,0,240
FINNIFTY02JAN2420850CE.NFO,02/01/2024,15:22:22,493.55,497.2,80,498.05,120,0,240
FINNIFTY02JAN2420850CE.NFO,02/01/2024,15:22:25,493.55,497.2,80,498.2,40,0,240
FINNIFTY02JAN2420850CE.NFO,02/01/2024,15:22:27,493.55,497.2,80,498.1,200,0,240
FINNIFTY02JAN2420850CE.NFO,02/01/2024,15:22:28,493.55,497.2,80,498.15,120,0,240
FINNIFTY02JAN2420850CE.NFO,02/01/2024,15:22:30,493.55,497.2,80,498.4,120,0,240
FINNIFTY02JAN2420850CE.NFO,02/01/2024,15:22:32,493.55,497.2,80,498.3,40,0,240
FINNIFTY02JAN2420850CE.NFO,02/01/2024,15:22:33,493.55,497.25,120,498.2,80,0,240
FINNIFTY02JAN2420850CE.NFO,02/01/2024,15:22:35,493.55,497.25,120,498.15,40,0,240
FINNIFTY02JAN2420850CE.NFO,02/01/2024,15:22:37,493.55,497.25,200,498.15,40,0,240
FINNIFTY02JAN2420850CE.NFO,02/01/2024,15:22:38,493.55,497.25,40,498.15,40,0,240
FINNIFTY02JAN2420850CE.NFO,02/01/2024,15:22:40,493.55,497.2,80,498.15,80,0,240
FINNIFTY02JAN2420850CE.NFO,02/01/2024,15:22:42,493.55,497.2,80,498.1,40,0,240
FINNIFTY02JAN2420850CE.NFO,02/01/2024,15:22:43,493.55,496.6,160,498.05,200,0,240
FINNIFTY02JAN2420850CE.NFO,02/01/2024,15:22:45,493.55,496.6,280,498.05,200,0,240
FINNIFTY02JAN2420850CE.NFO,02/01/2024,15:22:47,493.55,496.6,280,497.95,240,0,240
FINNIFTY02JAN2420850CE.NFO,02/01/2024,15:22:48,493.55,496.6,280,497.95,40,0,240
FINNIFTY02JAN2420850CE.NFO,02/01/2024,15:22:52,493.55,496.6,280,497.9,80,0,240
FINNIFTY02JAN2420850CE.NFO,02/01/2024,15:22:53,493.55,496.65,120,497.9,80,0,240
FINNIFTY02JAN2420850CE.NFO,02/01/2024,15:22:55,493.55,496.65,40,497.9,80,0,240
FINNIFTY02JAN2420850CE.NFO,02/01/2024,15:22:57,493.55,496.6,320,497.75,40,0,240
FINNIFTY02JAN2420850CE.NFO,02/01/2024,15:22:58,493.55,496.65,120,497.75,40,0,240
FINNIFTY02JAN2420850CE.NFO,02/01/2024,15:23:00,493.55,496.65,120,497.8,40,0,240
FINNIFTY02JAN2420850CE.NFO,02/01/2024,15:23:02,493.55,496.7,120,497.8,40,0,240
FINNIFTY02JAN2420850CE.NFO,02/01/2024,15:23:03,493.55,496.95,40,498.2,80,0,240
FINNIFTY02JAN2420850CE.NFO,02/01/2024,15:23:05,493.55,496.05,80,497.7,120,0,240
FINNIFTY02JAN2420850CE.NFO,02/01/2024,15:23:07,493.55,496.25,120,497.6,120,0,240
FINNIFTY02JAN2420850CE.NFO,02/01/2024,15:23:09,493.55,496.25,120,497.55,120,0,240
FINNIFTY02JAN2420850CE.NFO,02/01/2024,15:23:10,493.55,496.25,40,497.35,400,0,240
FINNIFTY02JAN2420850CE.NFO,02/01/2024,15:23:12,493.55,496.2,320,497.5,120,0,240
FINNIFTY02JAN2420850CE.NFO,02/01/2024,15:23:14,493.55,496.25,120,497.65,120,0,240
FINNIFTY02JAN2420850CE.NFO,02/01/2024,15:23:15,493.55,496.3,120,497.7,40,0,240
FINNIFTY02JAN2420850CE.NFO,02/01/2024,15:23:17,493.55,496.5,120,497.75,40,0,240
FINNIFTY02JAN2420850CE.NFO,02/01/2024,15:23:19,493.55,496.65,120,497.75,40,0,240
FINNIFTY02JAN2420850CE.NFO,02/01/2024,15:23:20,493.55,496.65,80,497.75,40,0,240
FINNIFTY02JAN2420850CE.NFO,02/01/2024,15:23:22,493.55,496.65,80,497.75,80,0,240
FINNIFTY02JAN2420850CE.NFO,02/01/2024,15:23:25,493.55,496.7,80,497.65,40,0,240
FINNIFTY02JAN2420850CE.NFO,02/01/2024,15:23:27,493.55,496.7,120,497.65,40,0,240
FINNIFTY02JAN2420850CE.NFO,02/01/2024,15:23:29,493.55,496.7,120,497.65,80,0,240
FINNIFTY02JAN2420850CE.NFO,02/01/2024,15:23:30,493.55,496.7,120,497.65,40,0,240
FINNIFTY02JAN2420850CE.NFO,02/01/2024,15:23:32,493.55,496.7,200,497.6,40,0,240
FINNIFTY02JAN2420850CE.NFO,02/01/2024,15:23:35,493.55,496.7,280,497.6,40,0,240
FINNIFTY02JAN2420850CE.NFO,02/01/2024,15:23:37,493.55,496.7,200,497.95,120,0,240
FINNIFTY02JAN2420850CE.NFO,02/01/2024,15:23:39,493.55,496.7,40,497.7,200,0,240
FINNIFTY02JAN2420850CE.NFO,02/01/2024,15:23:40,493.55,496.65,80,497.7,200,0,240
FINNIFTY02JAN2420850CE.NFO,02/01/2024,15:23:42,493.55,496.65,80,497.75,40,0,240
FINNIFTY02JAN2420850CE.NFO,02/01/2024,15:23:45,493.55,496.65,160,497.7,40,0,240
FINNIFTY02JAN2420850CE.NFO,02/01/2024,15:23:48,493.55,496.65,160,497.6,40,0,240
FINNIFTY02JAN2420850CE.NFO,02/01/2024,15:23:50,493.55,496.7,120,497.65,40,0,240
FINNIFTY02JAN2420850CE.NFO,02/01/2024,15:23:52,493.55,496.7,200,497.7,40,0,240
FINNIFTY02JAN2420850CE.NFO,02/01/2024,15:23:53,493.55,496.7,120,498,40,0,240
FINNIFTY02JAN2420850CE.NFO,02/01/2024,15:23:55,493.55,496.7,120,497.95,40,0,240
FINNIFTY02JAN2420850CE.NFO,02/01/2024,15:23:57,493.55,496.7,120,497.9,80,0,240
FINNIFTY02JAN2420850CE.NFO,02/01/2024,15:23:58,493.55,496.7,200,497.9,80,0,240
FINNIFTY02JAN2420850CE.NFO,02/01/2024,15:24:00,493.55,496.65,80,497.75,40,0,240
FINNIFTY02JAN2420850CE.NFO,02/01/2024,15:24:03,493.55,496.65,80,497.7,80,0,240
FINNIFTY02JAN2420850CE.NFO,02/01/2024,15:24:07,493.55,496.65,80,497.65,40,0,240
FINNIFTY02JAN2420850CE.NFO,02/01/2024,15:24:08,493.55,496.65,80,497.6,80,0,240
FINNIFTY02JAN2420850CE.NFO,02/01/2024,15:24:13,493.55,496.55,80,497.6,80,0,240
FINNIFTY02JAN2420850CE.NFO,02/01/2024,15:24:17,493.55,496.55,80,497.55,40,0,240
FINNIFTY02JAN2420850CE.NFO,02/01/2024,15:24:18,493.55,496.55,80,497.4,200,0,240
FINNIFTY02JAN2420850CE.NFO,02/01/2024,15:24:20,493.55,495.85,200,497.4,560,0,240
FINNIFTY02JAN2420850CE.NFO,02/01/2024,15:24:21,493.55,495.85,240,497.45,80,0,240
FINNIFTY02JAN2420850CE.NFO,02/01/2024,15:24:23,493.55,495.85,200,497.25,200,0,240
FINNIFTY02JAN2420850CE.NFO,02/01/2024,15:24:25,493.55,495.9,200,497.25,40,0,240
FINNIFTY02JAN2420850CE.NFO,02/01/2024,15:24:26,493.55,495.9,200,497.25,200,0,240
FINNIFTY02JAN2420850CE.NFO,02/01/2024,15:24:28,493.55,495.95,120,497.15,120,0,240
FINNIFTY02JAN2420850CE.NFO,02/01/2024,15:24:38,493.55,496.15,120,497.25,120,0,240
FINNIFTY02JAN2420850CE.NFO,02/01/2024,15:24:49,493.55,496.4,80,497.55,80,0,240
FINNIFTY02JAN2420850CE.NFO,02/01/2024,15:24:58,493.55,496.45,40,497.45,40,0,240
FINNIFTY02JAN2420850CE.NFO,02/01/2024,15:25:08,493.55,496.45,80,497.45,40,0,240
FINNIFTY02JAN2420850CE.NFO,02/01/2024,15:25:17,493.55,496.45,80,497.15,40,0,240
FINNIFTY02JAN2420850CE.NFO,02/01/2024,15:25:27,493.55,495.8,120,497.05,200,0,240
FINNIFTY02JAN2420850CE.NFO,02/01/2024,15:25:38,493.55,495.9,80,497.3,120,0,240
FINNIFTY02JAN2420850CE.NFO,02/01/2024,15:25:48,493.55,495.95,40,497.2,120,0,240
FINNIFTY02JAN2420850CE.NFO,02/01/2024,15:25:58,493.55,495.9,80,497.1,40,0,240
FINNIFTY02JAN2420850CE.NFO,02/01/2024,15:26:08,493.55,496,120,497.15,80,0,240
FINNIFTY02JAN2420850CE.NFO,02/01/2024,15:26:17,493.55,496.15,80,496.85,40,0,240
FINNIFTY02JAN2420850CE.NFO,02/01/2024,15:26:27,493.55,495.6,120,496.9,80,0,240
FINNIFTY02JAN2420850CE.NFO,02/01/2024,15:26:37,493.55,495.5,120,496.8,40,0,240
FINNIFTY02JAN2420850CE.NFO,02/01/2024,15:26:46,493.55,495.55,120,496.85,120,0,240
FINNIFTY02JAN2420850CE.NFO,02/01/2024,15:26:56,493.55,495.5,120,496.95,240,0,240
FINNIFTY02JAN2420850CE.NFO,02/01/2024,15:27:06,493.55,495.7,240,496.8,40,0,240
FINNIFTY02JAN2420850CE.NFO,02/01/2024,15:27:15,493.55,495.8,160,496.8,40,0,240
FINNIFTY02JAN2420850CE.NFO,02/01/2024,15:27:24,493.55,496,160,496.85,40,0,240
FINNIFTY02JAN2420850CE.NFO,02/01/2024,15:27:33,493.55,496.25,160,496.8,80,0,240
FINNIFTY02JAN2420850CE.NFO,02/01/2024,15:27:42,496.35,496.35,80,496.8,80,80,360
FINNIFTY02JAN2420850CE.NFO,02/01/2024,15:27:51,496.45,495.25,120,496.75,400,80,360
FINNIFTY02JAN2420850CE.NFO,02/01/2024,15:28:00,496.45,495.35,80,496.75,440,0,360
FINNIFTY02JAN2420850CE.NFO,02/01/2024,15:28:09,496.45,495.2,80,496.75,440,0,360
FINNIFTY02JAN2420850CE.NFO,02/01/2024,15:28:18,496.45,495.25,120,496.75,440,0,360
FINNIFTY02JAN2420850CE.NFO,02/01/2024,15:28:27,496.45,495.4,80,496.75,440,0,360
FINNIFTY02JAN2420850CE.NFO,02/01/2024,15:28:36,496.45,495.6,80,496.6,120,0,360
FINNIFTY02JAN2420850CE.NFO,02/01/2024,15:28:45,496.45,495.75,80,496.55,120,0,360
FINNIFTY02JAN2420850CE.NFO,02/01/2024,15:28:54,496.45,495.7,40,496.55,120,0,360
FINNIFTY02JAN2420850CE.NFO,02/01/2024,15:29:02,496.45,495.7,40,496.4,80,0,360
FINNIFTY02JAN2420850CE.NFO,02/01/2024,15:29:11,496.45,495.7,40,496.3,40,0,360
FINNIFTY02JAN2420850CE.NFO,02/01/2024,15:29:20,496.45,495.7,40,496.35,40,0,360
FINNIFTY02JAN2420850CE.NFO,02/01/2024,15:29:31,496.45,495.7,120,496.35,40,0,360
FINNIFTY02JAN2420850CE.NFO,02/01/2024,15:29:40,496.45,495.7,40,496.4,40,0,360
FINNIFTY02JAN2420850CE.NFO,02/01/2024,15:29:50,496.6,495.7,40,496.65,80,80,360
FINNIFTY02JAN2420850CE.NFO,02/01/2024,15:30:00,496.6,495.7,40,496.75,440,0,360
